目录名称,新目录,歌曲目录名称,歌曲名称,PP值-容易,PP值-通常,PP值-困难,PP值-专家,PP值-噩梦,难度-容易,难度-通常,难度-困难,难度-专家,难度-噩梦,hash
默认目录,,Jaroslav Beck - Beat Saber (Built in),Beat Saber - Jaroslav Beck[],,,,,,,,,,,0015E55C3667D302F42B7B0C56F2C62760E829CB
默认目录,,One More Time,One More Time - Berlin Child[Freeek],,,,,,,,,,,3C01DA2A69BA6EB3C2EFD50EEB7C431F09C44C3B
大佬包,,1009 (G1ll35 d3 R415 - hexagonial),G1ll35 d3 R415 - Team Grimoire[Hexagonial],,,,0,402.628,,,,0,9.09,A03D474F37137E0DB7FD0D58BE1D97D8458E8AE5
大佬包,,11d1 (Tool-Assisted Speedcore - Krydar),Tool-Assisted Speedcore - Kobaryo[Kry],,,,,310.266,,,,,7.03,2920185B3EC35535E46E990980607F5C33547317
大佬包,,123b (TWISTSTEP - roeek),TWISTSTEP - Pa's Lam System[Mapped by roeek],,,,,306.907,,,,,6.89,BC6220ACE2AEDE409EFF44851C2272322AC75C84
大佬包,,126c (iLLness LiLin - mystikmol),iLLness LiLin  - Chart by Mystikmol[Kaneko Chiharu],,54.571,123.617,222.557,0,,1.18,2.77,5.26,0,0BFAB2B62C6D7EA1C3587C48EFD1A0EEC365D983
大佬包,,1368 (ParagonX9 - Infiltration - jackscape),ParagonX9 - Infiltration - [jackscape],,,,,247.835,,,,,5.46,C1679483DEEF2187F09DD5CCB4E16CADE04D7013
大佬包,,13cd (Future Candy - Saut),Future Candy - YUC'e[Saut],,,,,260.772,,,,,5.85,81D9E735CF005F93BC6064A963FE49B4C1BEEF62
大佬包,,13fe (Ievan Polkka - Nightcore - nicetomeetyou),Ievan Polkka - Nightcore - [NiceToMeetYou],,,,,261.623,,,,,5.8,6089D255B56DEA46C030AEB3A66BE8AA48029E7D
大佬包,,1460 (Avalanche - Zorowo),Avalanche - Memme[Zorowo],,,,,321.059,,,,,7.12,3DEDF5840D5438920D9105315D44FD35625F5BCD
大佬包,,1493 (R4V3 B0Y (Rave Boy) - dropoffire),R4V3 B0Y (Rave Boy) - S3RL[DropOfFire],,,,222.96,,,,,4.94,,A5C831BAE7B74BB1CDF02FDE8EB93E40023EE15B
大佬包,,1665 (Two-Faced Lovers feat. Miku - todokete),Two-Faced Lovers feat. Miku - by Wowaka[Todokete],,0,0,0,287.238,,0,0,0,6.38,D03257E1541D4E6381ACCA614DCA5225D62FA1E4
大佬包,,17e4 (HONESTY - hexagonial),HONESTY - GYZE feat. Ettore Rigotti[Hexagonial (V2)],,,,243.663,306.772,,,,5.3,6.88,B758BA486DDD190D87EF5C87525FB1286E36E52B
大佬包,,18e3 (You're Everything - Zorowo),You're Everything - P*Light vs Yuyoyuppe[Zorowo],,,,,265.041,,,,,5.85,9F58BC121CE735E903E42A8DD4947FA2E9360ED8
大佬包,,1949 (Black Emperor - mystikmol),Black Emperor - Chart by Mystikmol[Chroma],34.99,69.674,,275.545,0,0.75,1.5,,6.11,0,AA4038E7B937773382C569A097D7B3CF0C40407D
大佬包,,1a33 (RELOADED - Saut),RELOADED - EGOIST[Saut],,,107.603,186.401,300.511,,,2.35,4.11,6.72,A5BE6E439863B22BB0CA36E2F4EAD53452E1B978
大佬包,,1aeb (Be Wild - dankruptmemer),Be Wild - Camellia feat. Yukacco[DankruptMemer],,,,,251.854,,,,,5.63,F7E5BA8295C1040E1DBDC69F5F4C21A0557D960F
大佬包,,1ba1 (ACE FOR ACES - Krydar),ACE FOR ACES - TAGxU1[Kry],,,,,230.25,,,,,5.11,376F2ACE119DC0BA9C7D2DA74BF5AE096E0021E1
大佬包,,1bdd (osu!memories - psyc0pathic),osu!memories - SakiZ[Various Mappers],,,,,378.878,,,,,8.49,4310F1B1D5AE5344F6CCD0AB31B892DF166F6C1A
大佬包,,1c77 (Belly Flopper - hexagonial),Belly Flopper - O2i3[Hexagonial],,,,,212.373,,,,,4.73,E94785A8520A1AA69F7BBE9CBEF12917A765ACC1
大佬包,,1d19 (ANiMA - splake),ANiMA - Xi[Splake],,,,,257.026,,,,,5.73,F52F1B4028F16C095237EA504A5A56B76ECB318E
大佬包,,1d64 (Sakura Reflection (PLight Slayer Remix) - yun0),Sakura Reflection (P*Light Slayer Remix) - P*Light[Yun0 ],,,,,220.366,,,,,4.94,DACC5522BCF427BEE197E7688D96A29DCDD48FB8
大佬包,,1d68 (Galactic Symphony - miitchel),Galactic Symphony - Mandragora[miitchel],,,,322.711,0,,,,7.2,0,152DA020C774105DB2D70FCBFD4991EF2878384B
大佬包,,1d77 (RED ZONE - zeekin),RED ZONE - Tatsh & NAOKI[Zeekin],,,,,334.793,,,,,7.51,04C5AECE9740A97FD3FED5A328F03FCF895FB397
大佬包,,1d7c (V for EXTREME - zeekin),V for EXTREME - dj TAKA[Zeekin],,,,,289.705,,,,,6.42,3D8FA87644F593218A74886988B17BE56BAD6345
大佬包,,"1db6 (Setsuna Imitation (feat. Yurica, Hanatan) - Saut)","Setsuna Imitation (feat. Yurica, Hanatan)  - Yairi[Saut]",,64.307,144.391,200.58,325.345,,1.39,3.15,4.5,7.36,196D1061EAC3CD4BC586E5AFCAEA07C35F1D69D0
大佬包,,1e80 (Der Wald (kors k Remix) - miitchel),Der Wald (kors k Remix) - Erehamonika remixed by kors k[miitchel],,,,296.44,,,,,6.59,,DEE2EF2FC976487AFCE124AE05403DB9135DB731
大佬包,,1ed1 (Sidetracked Day (Short Ver.) - hexagonial),Sidetracked Day (Short Ver.) - VINXIS[Hexagonial],,,,199.125,270.474,,,,4.42,6.09,83C08F4B86A4BBE232A8DEB9527EC6D6B24EC9AB
大佬包,,1ed3 (Akasha - kikis),Akasha - xi[Kikis],,,,,292.621,,,,,6.62,AB2F578EC7A8D381D59B35E102389DF8E516D9AD
大佬包,,1ed4 (Inferno - hexagonial),Inferno - 9mm Parabellum Bullet[Hexagonial],,,,225.42,260.687,,,,5.05,5.85,53C04084A8B33AC931C10D1D942E9D6B86D3ECA0
大佬包,,1ef6 (Overkill - Krydar),Overkill - RIOT[Kry],,,,,286.878,,,,,5.93,27FCBAB3FB731B16EABA14A5D039EEFFD7BD44C9
大佬包,,1f11 (g a r d e n (Short Ver.) - blackblazon),g a r d e n (Short Ver.) - DM DOKURO[BlackBlazon & Kolezan],,,,148.479,298.614,,,,3.26,6.62,4CE7BCA5960C90FE634D73F4BB8375EC6A31ADAE
大佬包,,1f90 (Overkill - Nuketime),Overkill - RIOT[Nuketime],,,,,357.212,,,,,7.32,2FDDB136BDA7F9E29B4CB6621D6D8E0F8A43B126
大佬包,,21b8 (Senpai Notice Me - JackoDEJ),Senpai Notice Me - Camellia ft. Nanahira[JackoDEJ],,,,,267.722,,,,,5.91,E3EF6CAB44FF2222C09B399E8E5A62A095233621
大佬包,,21f4 (Brain Power (SDVX Mix) - hexagonial),Brain Power (SDVX Mix) - NOMA[Hexagonial/Loloppe],,,,356.745,0,,,,8.13,0,189596BB9BF3904E8E3F2178ADD7BB77FA25E21C
大佬包,,21f6 (quaver - hexagonial),quaver - dj TAKA[Hexagonial],,,,0,304.368,,,,0,6.82,F77728BB6BFFD097E6E4C10CCBE72B5E8A51FF82
大佬包,,"2200 (Daisuki, Evolution - hexagonial)","Daisuki, Evolution - Minazuki Airi with Atsushi[Hexagonial]",,,,,394.982,,,,,8.9,4867E299296A5B965EDC4DCD930C07703B06B96E
大佬包,,235b (Halcyon - splake),Halcyon - xi[splake],,,,,271.155,,,,,6.13,688DD94E8DCC7634A9DC5D38D3A7AA1522A05475
大佬包,,243e (Snakey Chantey - edzo),Snakey Chantey  - Kumi Tanioka[Edzo],,,72.188,161.323,214.493,,,1.56,3.56,4.75,1CCA456BF71339F4A9B0E7BEE5EF9E6A016D20CC
大佬包,,2449 (Solace of Oblivion - psyc0pathic),Solace of Oblivion - Helblinde[Psyc0pathic & Rinku & AaltopahWi & Shad],,,,,283.579,,,,,6.35,B5F2D1D582BE2706E44B860B8A04C7F5F1BE2910
大佬包,,24ec (Phantasia - Krydar),Phantasia - Yunosuke[Kry & AaltopahWi],,,,,288.008,,,,,6.38,BEE657BFA017983257C34347FC23D867996F114F
大佬包,,259b (Midnight - Krydar),Midnight - Teikyou[Kry],,,,,247.378,,,,,5.49,36C0FA7FA9F5408A535C248E52B599A284C76190
大佬包,,2683 (Routine - hexagonial),Routine - Silent Siren[Hexagonial & Splake & Puds],,,,197.51,346.252,,,,4.36,7.67,AEDD974BD0B7BFAF8C9F9950BFD6368C04ADE258
大佬包,,270b (TIERRA - rogdude),TIERRA - Dj Genki[Rogdude],,,,325.428,,,,,7.25,,01FE02CF7CC8C74E94D5AE68D8F23F6AB143B33A
大佬包,,2731 (ALTONA - yun0),ALTONA  - SOUND HOLIC Vs. SWING HOLIC[Yun0 & Moriik],,,,,290.155,,,,,6.48,1511D6A7D4BEDEB8D9E9C0286EA44784F01EAE0E
大佬包,,2789 (Quo Vadis - squeaksies),Quo Vadis - M2U[squeaksies],,,,,294.158,,,,,6.6,41C21A4C326D3B427DC68509921A4CB6C0F4B3CA
大佬包,,27d8 (Monochrome Butterfly - fraies),Monochrome Butterfly - Aitsuki Nakuru[fraies],,,0,186.472,250.488,,,0,4.1,5.49,D60CA1E3B6175D57DAC7463D532989F83C257EFB
大佬包,,2800 (Teo (ft. Hatsune Miku) - hexagonial),Teo (ft. Hatsune Miku) - Omoi[Hexagonial],,,,,316.112,,,,,7.05,0EDC32C8B6414DACC62562C41953193F29E3B159
大佬包,,28c5 (NUCLEAR-STAR - hexagonial),NUCLEAR-STAR - Camellia[Hexagonial],,,,,419.34,,,,,9.38,762B7BF1C06DBCC7AAB23D955A553E5420FBA6E5
大佬包,,294c (CANDYYYLAND (Pa's Lam System Remix) - Saut),CANDYYYLAND (Pa's Lam System Remix) - tofubeats[Saut],68.317,110.298,176.979,224.035,281.459,1.48,2.39,3.88,5.01,6.32,061DB548E0E73A58E93835997A3B06C7C27756E6
大佬包,,29bf (Hentacito - psyc0pathic),Hentacito - Luis Fonsi ft. Daddy Yankee/S3RL/DaymanOurSavior[Psyc0pathic & Hexagonial],,,,,305.404,,,,,6.78,B889D49CF68A91B8A1A11D76FAFC0720063B0998
大佬包,,29d0 (Happppy song - hexagonial),Happppy song - SOOOO[Hexagonial],,,,,431.95,,,,,9.72,7719B8DE597CB1BFDFD6048E5FC51656DD5219EE
大佬包,,2a03 (ouroboros -twin stroke of the end- - yun0),ouroboros -twin stroke of the end- - Cranky VS MASAKI[Yun0],,,,,237.534,,,,,5.33,131742D6624B8C25BA46FBE5913C542CA51C9332
大佬包,,2ab1 (Star Night Snow (Short edit) - pug),Star Night Snow (Short edit) - n-buna x Orangestar feat. Hatsune Miku[Pug & Puds],,,,,229.764,,,,,5.06,326C13F6664093537D89222CDF1C3FF7C9CE09C8
大佬包,,2bb6 (Stay Alive (Jun Kuroda Bootleg Remix) - splake),Stay Alive (Jun Kuroda Bootleg Remix) - EMILIA (CV: Rie Takahashi)[splake],,,,241.901,,,,,5.38,,6D657DEC81613BF44917E7A1AD1B00763128B9E4
大佬包,,2bcf (Ascension to Heaven - miitchel),Ascension to Heaven - xi[miitchel & ManDynasty],,,,,337.309,,,,,7.53,B444C14C69F0D04C7350621EBA7955496C698936
大佬包,,2c27 (Bluenation - kikis),Bluenation - yaseta[Various Mappers],,,,,332.413,,,,,7.49,52FE9BF8625FF8BE431E42B228F803B628FDC7BF
大佬包,,2dd6 (Berry Go !! - yun0),Berry Go !! - Freezer (Feat. Kiichigo)[Yun0],,53.873,86.877,191.338,230.693,,1.16,1.88,4.17,5.06,E5F61DBD37A9CB46506C899ECC6861B6491D27DD
大佬包,,2eea (Labyrinth - splake),Labyrinth - Lapix[splake & Moriik],,,,,338.901,,,,,7.69,9DC600EE749197F16EC4F75F5D5BF2AB38F8E4F8
大佬包,,2f94 (DeltaMAX - yun0),DeltaMAX - DM Ashura[Yun0],,,,,272.588,,,,,5.99,200549108BB22752112C62D102BF69EE0C47FD7A
大佬包,,3036 (Milk Crown on Sonnetica - hexagonial),Milk Crown on Sonnetica - nameless[Hexagonial],,,,,448.302,,,,,10.08,CFCA2FE00BCC418DC9ECF64D92FC01CEEC52C375
大佬包,,31d4 (Arcade Busters - Goatgarien),Arcade Busters - cysmix[Goatgarien],,,,,232.657,,,,,5.18,999FC247E84E51D701A6DB68EB543D2DE2047A99
大佬包,,32d4 (MariannE (Lanota Edit) - redmagi),MariannE (Lanota Edit) - Yooh[Redmagi],43.718,50.198,76.402,121.809,257.519,0.94,1.08,1.65,2.64,5.71,AFB47D1ABB417A76A4293D29A725D6DD74D76782
大佬包,,342b (Walk This Way! - cheesydream),Walk This Way! - Kano[cheesydream],,,,,383.751,,,,,8.58,4947A4B2FB332578375A412E568DE751436429BC
大佬包,,34a8 (PUMP - cheesydream),PUMP - YUC'e[cheesydream],,,,,351.523,,,,,7.88,1E8728EDA10252145AE5C82A3562FFAB48569DFA
大佬包,,360b (Mare Maris - squeaksies),Mare Maris - M2U[squeaksies],,,,,289.688,,,,,6.54,F172A6F3B7061BF8ED321A65ABA63D6E226CE6F2
大佬包,,361f (Wish upon Twin Stars - RaZn),Wish upon Twin Stars - xi[RaZn],,,,,269.686,,,,,6.02,C02550F9A61779CA5FB2962883B917EA0673F5FE
大佬包,,"39bc (World's End, Girl's Rondo (Asterisk DnB Remix) - ManDynasty)","World's End, Girl's Rondo (Asterisk DnB Remix) - Wakeshima Kanon[ManDynasty]",,58.783,86.429,124.491,216.504,,1.27,1.88,2.73,4.78,5C382E8993DE8780A39B0B77E07B0CCFE00BD3A3
大佬包,,3aa3 (Hype feat. Such - iraky),Hype feat. Such - PSYQUI[iraky],,,171.208,240.757,394.794,,,3.74,5.33,8.88,D826FA2F751020AD7E59B1AEB3F5D2902755A406
大佬包,,3c6c (Engage-Rex- - kikis),Engage-Rex- - Getty vs DJ DiA[Kikis],,,0,0,235.539,,,0,0,5.3,8B3707777D0288E8233531594F31857C24FFDC2D
大佬包,,3ca3 (Stereo Future (TV Size) - squeaksies),Stereo Future (TV Size) - BiSH[squeaksies],,,,,214.164,,,,,4.77,CDA9F371D927E69B219D1603C53CC4661A87C926
大佬包,,3cbc (YELL! (feat. Moimoi) - amanatsu),YELL! (feat. Moimoi) - DJ Genki & Camellia[Amanatsu & Pug],,,,,348.029,,,,,7.79,629EE2C1A14A27968A64B8AD9B25FB52F30DDE5C
大佬包,,3d07 (Acid burst - iraky),Acid burst - Memme[iraky],,,,,384.278,,,,,8.71,16D54B364C4620B9951CAAC5516A8C7E7345070F
大佬包,,3da7 (Trusting - BarrySeggai),Trusting - Merry (CV: Chika Anzai)[Barry Seggai],,,,,237.253,,,,,5.2,587EE9411A4F81E56A97FE2F281AA0C82ADA84F5
大佬包,,3dd3 (Zetsubou Plantation - rogdude),Zetsubou Plantation - Yousei Teikoku[Rogdude],,,,,314.54,,,,,6.95,B24E5DBF100388DB53BD9EE04EEE66BD365DF84B
大佬包,,3e05 (Koi no Hime Hime Pettanko - rogdude),Koi no Hime Hime Pettanko - *namirin[Rogdude],,,,219.173,,,,,4.8,,59EDC79516ACBC2EDAA130542F8D3A204585BFF0
大佬包,,3e24 (HIBANA feat. Hatsune Miku - rogdude),HIBANA feat. Hatsune Miku - DECO*27[Rogdude],,,,,275.419,,,,,6.13,E1FB83BE49CBE3BB000D0DDC186CB0516AFDCC0B
大佬包,,3e27 (Barracuda - blackblazon),Barracuda - Noisestorm[BlackBlazon & EpicEwok],,,,222.531,0,,,,4.9,0,85979CB6C4289DF5DB64CA2BF1A564CA265F430A
大佬包,,3e4b (Heeartbeeat Oveerheeat!!!! - rogdude),Heeartbeeat Oveerheeat!!!! - Camellia feat. Nanahira[Rogdude & Loloppe],,,,,371.737,,,,,8.23,207CC54D61A787E26DA47CE6C0CC45D9608D87FB
大佬包,,3e95 (EmbryO - pug),EmbryO - Kabocha[Pug],,,,0,336.361,,,,0,7.53,E129EA8229FA270A97799EB5B7637C6FD76E4EEC
大佬包,,4038 (Zettai Tokken Shuchou Shimasu! Hoshi Syoko Solo Remix - AiThKe),Zettai Tokken Shuchou Shimasu! Hoshi Syoko Solo Remix - Syoko Hoshi (CV: Satsumi Matsuda) [Aithke],,,,0,234.765,,,,0,5.19,3FB5C8CC39DFEE210530C02FDC2EB55B9179209C
大佬包,,41f3 (Magnetism - squeaksies),Magnetism - M2U[squeaksies],36.977,53.216,86.539,160.538,298.132,0.79,1.14,1.87,3.53,6.7,75B10748149340DEA74FF1870B2A59F609ACE7F5
大佬包,,42e8 (GHOST - dankruptmemer),GHOST - Camellia[DankruptMemer & Moriik],,,,,394.599,,,,,8.85,B04F04FDAA3ED6C2BCF09C0F4E9058E3CB153CD2
大佬包,,4479 (Louder Than Steel - Electrostats),Louder Than Steel - Ryu-5150[Electrostats],,,,,393.972,,,,,9.07,E80ADF683AED066F94BBBA3E49162D7D0D7247B4
大佬包,,449a (Fallen (Short Ver.) - Uninstaller),Fallen (Short Ver.) - EGOIST[Uninstaller & Saut],51.498,110.827,166.661,271.56,256.041,1.11,2.4,3.64,6.09,5.74,F369747C6B54914DEAA163AAE85816BA5A8C1845
大佬包,,4502 (Monster - Saut),Monster - Reol[Saut & ManDynasty],,129.512,162.283,226.244,342.71,,2.82,3.55,5.02,7.7,283095490EB5D0AA60B8117BF90D52FBC7D8300F
大佬包,,450b (FIRST - Saut),FIRST - AKI AKANE[Saut],,120.718,155.565,210.973,354.955,,2.62,3.41,4.66,8,3082BDB176578E683C0B5AE755A7ABAB5FF80363
大佬包,,4554 (MIRROR - AiThKe),MIRROR - THE ORAL CIGARETTES[Aithke],,,,,272.745,,,,,6.07,BD93D34BEFA6C15388707DB4144796307D428A9A
大佬包,,468e (Blue Zenith - oddloop),Blue Zenith  - xi[Fern & Oddloop],,,,,350.267,,,,,7.89,97747D8098D115BA2654452986893FFCC157392C
大佬包,,4837 (Yugure - Soup),Yugure - Kobaryo[Souk & Puds],,,,,350.03,,,,,7.82,9D5D9271F2F7E793748AD4028511EDEE800B40E8
大佬包,,48e9 (Last Proof - Scrappy),Last Proof - ZAQ[Scrappy],,,,,287.378,,,,,6.49,BA2FD3E414A9E0868AC4D0D450ED9F74B5797CC2
大佬包,,49cb (flying in the flow of deep-sea (Short Ver.) - iraky),flying in the flow of deep-sea (Short Ver.) - Camellia[iraky & Loloppe],,,,,283.832,,,,,6.39,55DA5573F7F2CE29C9E414837581364B162F52B6
大佬包,,4a2a (Crying for Rain - squeaksies),Crying for Rain - Minami[squeaksies],34.038,40.911,80.154,124.385,218.123,0.73,0.88,1.73,2.73,4.83,B70AEEF2EE915CED48593422931E8BA2A1F4E973
大佬包,,4a53 (Enigma II - yun0),Enigma II - Toromaru[Yun0],,,,,383.035,,,,,8.74,36AFD0E84D8DB7600DB5D023BE779BB47421BE6F
大佬包,,4c (Everything will freeze - roffle),Everything will freeze - [UNDEAD CORPORATION (mapped by Roffle)],,,,,232.372,,,,,5.22,D0B6C6880FC6415CD4839A71691D71E41B2C4D76
大佬包,,4e10 (Ether Strike - fraies),Ether Strike - Akira Complex[Various Mappers],0,0,92.48,197.943,260.682,0,0,2,4.36,5.85,E1AE03504B1E23AA44CCB194134C84B1BE21C8DA
大佬包,,4e92 (Shera - iraky),Shera  - MYUKKE[iraky & Hoppaw],58.998,91.573,130.649,221.625,239.826,1.28,1.97,2.86,4.9,5.38,1E86B21402C5EE98F3DB246F218135B3FF61A21A
大佬包,,4f33 (Enantiomorphs - Scrappy),Enantiomorphs - Camellia[Scrappy],0,,,,245.972,0,,,,5.47,EA294DB03D1BAF7919B48F09DBC02C8494AB5B5A
大佬包,,5130 (Saint's Beat - ejiejidayo),Saint's Beat - Zeami[ejiejidayo],,,94.733,178.445,314.477,,,2.05,3.92,7.03,0597F8F7D8E396EBFEF511DC9EC98B69635CE532
大佬包,,5309 (Chrome VOX (Uncut Edition) - Souk),Chrome VOX (Uncut Edition) - t+pazolite[Souk],,,,,408.136,,,,,9.15,2C908DF9BB7AA93884AB9BFA8DDC598C3DE479E9
大佬包,,5a19 (Battle Sirens (RIOT Remix) - Oddloop),Battle Sirens (RIOT Remix) - Knife Party & Tom Morello[Oddloop],,,,,331.481,,,,,7.37,1320CCC37C776EF3245A811B60D6A5E0C3E672A8
大佬包,,5b2e (volcanic - Souk & Hexagonial),volcanic - DETRO[Souk & Hexagonial],,162.316,228.384,352.041,0,,3.54,5.04,7.86,0,D8E8ED7E0661BAAD0C0E53F9720D557456E365DE
大佬包,,5c81 (Tool-Assisted Speedcore - Souk),Tool-Assisted Speedcore - Kobaryo[Souk],,,,,364.783,,,,,8.15,8AFB0C840EA4B07DB2A16E96164CE8BE094B2339
大佬包,,5c85 (sink to the deep sea world - Oddloop),sink to the deep sea world - Chroma[Oddloop],,,0,0,350.073,,,0,0,7.84,BFF86E80DD163511B37444E31C49569E084E7B40
大佬包,,5d9f (Dreamin' Tonight - Yun0),Dreamin' Tonight - Freezer (Feat. Kiichigo)[Yun0],,71.249,96.478,150.401,214.529,,1.54,2.1,3.29,4.73,3F729EE74DB0D1F3807524C99A5D81C0EF81D800
大佬包,,5f00 (166 - Suzuya Homerarete Nobiru Type Nandesu. - Pug),166 - Suzuya Homerarete Nobiru Type Nandesu. - saradisk[Pug],,,47.912,108.753,260.566,,,1.03,2.37,5.77,839245D64719D018E40E2F11654B7C49230CA126
大佬包,,624e (Flow - Fern),Flow - Ace Aura[Fern],,,,,378.148,,,,,8.44,30BB09ED78B0ABEE79BDECA20D60C2D071662C23
大佬包,,62c9 (Great Distance - Uninstaller),Great Distance - ryo (supercell)[Uninstaller],,73.222,112.503,205.639,295.686,,1.58,2.45,4.49,6.63,EA08458FFE4336A205E1CBAE539183E697845358
大佬包,,630e (werewolf howls. - DE125),werewolf howls. - Camellia[DE125],,,,,388.215,,,,,8.69,66CEEFD205ECC6CD007EA851F1BF7E4856AB8FFC
大佬包,,658c (B L A C K - R A Y - Iraky),B L A C K - R A Y - Camellia[Iraky],,,,,378.816,,,,,8.49,3565E51A94FA064674438B961CCEDDA21BC76342
大佬包,,65ee (Bangin' Burst  - Light Ai),Bangin' Burst  - Camellia[Light Ai],,,,,399.18,,,,,8.91,5C6C8B78EA64E9B82FEBE58A7F8A48632F03C4E3
大佬包,,69de (Jakarta PROGRESSION - Skeelie),Jakarta PROGRESSION - KURORAK[Skeelie],,52.983,79.424,116.973,246.798,,1.14,1.72,2.54,5.45,0F1467CF627A9B8CCA54985FFE95670CC39201BE
大佬包,,6a37 (Villain Virus - fraies & Oddloop),Villain Virus - Kobaryo[fraies & Oddloop],,,,,516.621,,,,,11.79,92C7490D903F3E676069B92B7DE9E56B03A9677A
大佬包,,6b33 (Fallin' Angel - Hoppaw),Fallin' Angel - Takeshi Watanabe[Hoppaw],,,,,266.984,,,,,5.95,54373BB7B8A3ACD8BFB6B4CE65A2B37B39E3F6BE
大佬包,,6b35 (Legend of Millennium - Hoppaw),Legend of Millennium - Hazuki[Hoppaw],,,220.737,288.721,342.88,,,4.9,6.47,7.68,A6BEE89340610820701B2B4B706C73D86098C15C
大佬包,,6b36 (NANI THE FUCK!! - Hoppaw & ExUnReal),NANI THE FUCK!! - Camellia x Nanahira[Hoppaw & ExUnReal],0,,,,351.195,0,,,,7.9,FCD2FD6DAD7EFC7B06636E838078210B3EAC608A
大佬包,,6b5f (Break - Souk & Oddloop),Break - The Quick Brown Fox[Souk & Oddloop],0,214.295,255.04,379.102,453.001,0,4.68,5.7,8.63,10.36,6A5AEA3CE9A7A9F120EBD4DEEA377B4A54640BFB
大佬包,,"6b8c (MAYDAY - Oddloop, RedMagi & AaltopahWi)","MAYDAY - TheFatRat[Oddloop, RedMagi & AaltopahWi]",36.938,54.074,70.96,99.351,239.811,0.8,1.16,1.53,2.17,5.3,58E760690FFB379864D76B06505F4056E84FBE84
大佬包,,6b9b (Night sky - Jez),Night sky - USAO[Jez],,,,,366.737,,,,,8.2,840DC308FFC8FDA9FA3F09401E89C7428EF1AA7F
大佬包,,6c62 (M1917 - Aithke & Loloppe),M1917 - a crowd of rebellion[Aithke & Loloppe],,,,,326.305,,,,,7.25,F99FB53FD30F612E7716898C446984F50BC4C37D
大佬包,,712e (Haruka Kanata - Uninstaller),Haruka Kanata - ASIAN KUNG-FU GENERATION[Uninstaller],,,85.147,172.47,214.201,,,1.84,3.78,4.74,E4920174BBEF9E571750F10E99133811D74ABF72
大佬包,,7193 (UNION (TV Size) - Pug),UNION (TV Size) - OxT[Pug],,,,,215.366,,,,,4.76,05C83E27B673B22339DC350CA3541B5CDB083ABE
大佬包,,721e (RAVE-O-LUTION 456 - Uninstaller),RAVE-O-LUTION 456 - t+pazolite[Uninstaller],,,218.868,287.634,433.699,,,4.79,6.32,9.76,B7CC9DC9760CA85294C0B5FD5CA54C34522F4953
大佬包,,72ef (Hidamari no Uta - carrot & Loloppe),Hidamari no Uta - Yuyoyuppe[carrot & Loloppe],,,,,228.506,,,,,5.02,3DC717E1B6AC8EFBD709D021665774B4D3B08430
大佬包,,732e (Distortion - altrewin),Distortion - BABYMETAL[altrewin],,147.33,201.946,321.367,372.017,,3.21,4.4,7.08,8.3,1F2453197F1537DEAD709B6DD0DCB74CAD9B6BE4
大佬包,,7457 (Night Raid with a Dragon - DE125 & Skeelie),Night Raid with a Dragon - Camellia[DE125 & Skeelie],,,230.226,347.862,463.163,,,5.06,7.77,10.45,9BF202F68C333421C69CA6AA15C648D65D4A1E0F
大佬包,,75f1 (Arche - Depito & ExUnReal),Arche - Camellia[Depito & ExUnReal],0,,,0,377.235,0,,,0,8.38,01FB2AA5064D8E30105DE66181BE1B3FBC9FA28A
大佬包,,765d (Recollection - muffn & ExUnReal),Recollection - Kobaryo[muffn & ExUnReal],0,,0,0,411.527,0,,0,0,9.18,68B26B53BC3E1B5999770DB7B6C4358251717521
大佬包,,"76e9 (Flat World, Plain Asia - Scrappy)","Flat World, Plain Asia - BLANKFIELD[Scrappy]",,,219.514,339.805,488.849,,,4.81,7.49,11.05,DF1ED601C950F08221BDF4ED90F84E40ABEA0DDE
大佬包,,76eb (A Betrayal Unforetold - Scrappy),A Betrayal Unforetold - Inferi[Scrappy],,,,,455.514,,,,,10.47,30BA065016AAC5DF31D1E2D27A63F7719FF1370E
大佬包,,76f5 (Hakke & Zage - Interz),Hakke & Zage - Gabber Piet[Interz],,,,194.009,265.85,,,,4.25,5.88,203819C121D010276D910FD2793F3DAD26ACD5DD
大佬包,,780f (Ripped To Pieces - Teuflum),Ripped To Pieces - Stonebank[Teuflum],,,,0,324.317,,,,0,7.27,070855BFDB7B05E926AFE818043C8CB7E011094D
大佬包,,7829 (psychology - Scrappy),psychology - Adust Rain[Scrappy],,,206.214,328.27,443.181,,,4.5,7.24,9.98,B506526ABA9AE3BC8C6DE045326D4F083607776B
大佬包,,78a8 (SEITEN NO TERIYAKI - fraies & Souk),SEITEN NO TERIYAKI - Kobaryo[fraies & Souk],,,220.631,387.715,491.506,,,4.83,8.68,11.24,97F3EC9CF48316CB1060CABA1029A0EEC0B402D4
大佬包,,78ca (tinnitus - Souk & Oddloop),tinnitus - SP-#[Souk & Oddloop],0,,158.531,371.628,441.861,0,,3.43,8.3,10.37,9F783CE7F810062852795F4CBDF8335245FD044A
大佬包,,7904 (iLLness LiLin - Jez & Sab),iLLness LiLin - Kaneko Chiharu[Jez & Sab],,,248.996,345.928,439.566,,,5.47,7.73,10.22,463D142CFF785702A3BFC7CD511AE84DB2DB68E8
大佬包,,79b6 (On My MiND - Uninstaller),On My MiND - Mrs. GREEN APPLE[Uninstaller],0,,,120.356,316.757,0,,,2.61,7.09,359B91BC4F763E330DCA3812E072944C1D34DC76
大佬包,,7b0c (Renegade Fruits - Vilawes & Oddloop),Renegade Fruits - t+pazolite[Vilawes & Oddloop],,216.713,310.389,411.87,378.169,,4.72,6.95,9.27,8.52,D0B25B0B05C7B14C5EA55774D1F751705F360026
大佬包,,7b30 (Tsurupettan - Kival Evan),Tsurupettan - Silver Forest[Kival Evan],55.456,82.655,136.305,165.859,241.748,1.19,1.79,2.96,3.64,5.33,3751C4E80EA591856BE52EBCA2A9F654B0888D2A
大佬包,,7b61 (Reach The Core - Khenab),Reach The Core - Khenab[Khenab],,,111.823,158.506,334.478,,,2.42,3.45,7.42,A621C1612B7201E67813839CE636E50D276B4816
大佬包,,"7bb1 (Jashin no Konrei, Gi Wa Ai to Shiru. - Scrappy)","Jashin no Konrei, Gi Wa Ai to Shiru. - Imperial Circus Dead Decadence[Scrappy]",,,,,451.085,,,,,10.22,AAF0F0DC98C80F62F745F47FA82FFD37E4BD1044
大佬包,,7bc4 (Bass Music - Skeelie),Bass Music - Umziky[Skeelie],,73.07,106.672,173.975,237.755,,1.58,2.32,3.82,5.27,9153539CD984F3A0D06C2ABD5A90BAEF21DA9EF3
大佬包,,7c2c (Brain Specialist - Tseska & ExUnReal),Brain Specialist - The Quick Brown Fox[Tseska & ExUnReal],0,,120.882,312.804,383.773,0,,2.62,6.89,8.56,6188B01AB9C804653CF9537E7CDC54C5149A8795
大佬包,,7ced (For UltraPlayers - Mystikmol & Loloppe),For UltraPlayers - cosMo@BousouP[Mystikmol & Loloppe],,,121.105,222.662,325.596,,,2.64,4.93,7.27,F1D22EA0A91AE709E5CF7166D5AA556EF4537F01
大佬包,,7d14 (Yura-Yura Sweet Genocide - Vilawes),Yura-Yura Sweet Genocide - Kobaryo[Vilawes],,,,,425.865,,,,,9.51,00CFA473477180E792145ECDE5C2DB814536E8A2
大佬包,,7d6c (ANOMALY - fraies),ANOMALY - Camellia[fraies],,,,,471.991,,,,,10.66,83FCF7F36599F78D231C8C4A302542853E491AF0
大佬包,,7dac (ENDYMION - fraies & Oddloop),ENDYMION - fallen shepherd[fraies & Oddloop],,,,,450.597,,,,,10.17,AD19FC9B673C3E1E7B8D2C73BCAF46EB90236D9D
大佬包,,7f35 (New World - Kival Evan),New World - FELT[Kival Evan],54.116,91.988,141.5,225.166,320.814,1.16,1.99,3.08,5,7.14,B92ABFB912ED12CED131C9B798AE7D69800DF51B
大佬包,,7f3f (The Girl - Teuflum),The Girl - Hellberg[Teuflum],,,,,293.712,,,,,6.51,33197B762060BD8FA2952BBBA3BEDDB9E9832DEE
大佬包,,8016 (Twisted Drop Party - Depito & ExUnReal),Twisted Drop Party - t+pazolite & Getty[Depito & ExUnReal],0,73.964,176.237,254.223,360.442,0,1.59,3.84,5.6,8.1,9E6DEB75CA74B96497BC5EF0BB5B98EE5C0B7E69
大佬包,,8017 (Bad Apple!! - Light Ai & DE125),Bad Apple!! - Masayoshi Minoshima[Light Ai & DE125],,,,,362.144,,,,,8.09,96FA0D5AD17DB9D2D59EB82734440C3A7AC24D25
大佬包,,81ab (Who's Got Your Love - Teuflum),Who's Got Your Love - Stonebank[Teuflum],,,,141.454,325.343,,,,3.12,7.26,C942D55EEA0CD73AA8F3508EF6EE4304B799C8EC
大佬包,,"8339 (Saufen morgens, mittags, abends - Various Mappers)","Saufen morgens, mittags, abends - Ingo ohne Flamingo[Various Mappers]",41.998,58.575,74.178,131.753,235.405,0.9,1.26,1.6,2.86,5.18,36D0DB44E6528BD956D4A473D886433510D1BE26
大佬包,,849a (Sandstorm - Skyler Wallace),Sandstorm - Darude[Skyler Wallace],41.447,65.876,93.052,192.759,268.535,0.89,1.42,2.01,4.2,5.95,580EB7D1614A35D192722F748400C9896AC9527D
大佬包,,84d9 (Discommunication alien - MaNaB),Discommunication alien - Nanawo Akari[MaNaB],,,,,289.62,,,,,6.42,542C43DEB217E816DFC0E628E69F9FD04F7CB904
大佬包,,8529 (cheatreal - shrado & Schwank),cheatreal - t+pazolite[shrado & Schwank],,,,0,390.078,,,,0,8.72,EE633AFFC8484962A32E9D215DE125804CA6427B
大佬包,,86a (Freedom Dive - roffle),Freedom Dive - v2[Roffle],,,,,349.65,,,,,7.72,4692C6C200BC92364C268A518E9DEE89146E4391
大佬包,,86af (Chocolate Lily - xScaramouche),Chocolate Lily - Kobaryo[xScaramouche],,,175.671,333.501,450.965,,,3.84,7.37,10.71,018ACAAD1EC1E13BD9E428A19E41C844AA05B9DA
大佬包,,8705 (The King Of Lions - Scrappy),The King Of Lions - Camellia[Scrappy],,,,,455.288,,,,,10.22,C66C795AAE6E59C8A05B898015B5FA75A1BB6344
大佬包,,873f (Fire Blazing - Teuflum),Fire Blazing - Dropgun[Teuflum],,,90.545,148.508,336.371,,,1.96,3.25,7.47,714F0C1CDF53C41083FCD357B6E995C2F6A8FA6C
大佬包,,875a (Ricochet - ExUnReal),Ricochet - Rob Gasser[ExUnReal],,,,,323.726,,,,,7.13,DD9127AB917DF6604D19453CF921794DBF402597
大佬包,,8760 (AO-Infinity - Various Mappers),AO-Infinity - Seiryu[Various Mappers],,0,388.53,374.264,404.012,,0,8.66,8.3,9.01,F75CD07DF7B41375B7B81EED95BF26F672A987DB
大佬包,,87aa (Internet bitch - Light Ai & ExUnReal),Internet bitch - DJ'TEKINA//SOMETHING[Light Ai & ExUnReal],0,,,0,370.185,0,,,0,8.2,7D976FF24DC266FE0D559F98BFD8D723EB827E6F
大佬包,,8822 (First Storm - Uninstaller),First Storm - DECO*27[Uninstaller],0,,81.306,158.669,331.616,0,,1.75,3.45,7.37,2A54ED06EA0A194A4A897D73F414F5FFAC42EDDE
大佬包,,"8894 (Daisuki, Evolution - Foxy Boi & Skeelie)","Daisuki, Evolution - Minazuki Airi with Atsushi[Foxy Boi & Skeelie]",,,148.955,224.763,306.416,,,3.22,4.95,6.77,092453D3707C8EBDEC45BE1023AA8AF4F4868234
大佬包,,8aa2 (L'Ultima Cena - Awagi),L'Ultima Cena - Laur[Awagi],43.46,57.58,104.281,148.286,308.87,0.93,1.24,2.26,3.25,6.87,40097F7ED852D6886F6EBCFEEFE42AC2F1AF0958
大佬包,,8c0a (BLACK LABEL - Yun0),BLACK LABEL - C-Show vs. DJ Genki[Yun0],,77.314,108.038,179.385,320.08,,1.67,2.34,3.94,7.12,2D219A8890585F457ABB018DA09451B08CD98495
大佬包,,8d89 (Meowchine - CyanSnow),Meowchine - Azazal & MachineDoll[CyanSnow],54.308,83.852,118.396,215.632,241.953,1.17,1.81,2.57,4.7,5.36,24A148CDF2192F7A4F10A265B70E5C0DEB6424E9
大佬包,,8de1 (Ringo Hiyori ~ The Wolf Whistling Song - Skeelie),Ringo Hiyori ~ The Wolf Whistling Song - ROCKY CHACK[Skeelie],,,,,230.111,,,,,5,4A5A4707CF1AFEE2172986BA94D0196B1711B71C
大佬包,,8e9 (Big Sky (Agnelli & Nelson Remix) - dahzee),Big Sky (Agnelli & Nelson Remix) - John O'Callaghan[dahZee],,,,,239.275,,,,,5.28,8FB6C0898680ECDC9D5CEBB7B823D7341D850C0A
大佬包,,8eb6 (All Night - Teuflum),All Night - Stonebank[Teuflum],43.892,61.086,98.469,150.295,298.994,0.94,1.31,2.14,3.31,6.65,BE49148059822B60C9AC0E7883B5F3534225A35F
大佬包,,8f88 (WHITEOUT - muffn & DE125 & Mystikmol),WHITEOUT - Kaneko Chiharu[muffn & DE125 & Mystikmol],,172.044,288.673,404.745,0,,3.75,6.43,9.16,0,4FDA03A18F72C76A94F14FB08CA2088E4990BCD3
大佬包,,8fe5 (Carol of the Bells - Skeelie),Carol of the Bells - August Burns Red[Skeelie],,,121.095,221.955,362.163,,,2.64,4.86,8.09,C802AEC7EA699A24800712DCE2486791AC0880E3
大佬包,,90e6 (Melancholia - Astrella),Melancholia - you[Astrella],,,,312.611,544.953,,,,6.9,12.6,914EDCFA17A8D7B1573F7FE8EB1B504CC7E47806
大佬包,,91f9 (Saeed - Interz),Saeed - Infected Mushroom[Interz],,,,,321.866,,,,,7.14,1F06AE3ACBA16C27171EBA05016ABEB3B9621533
大佬包,,9251 (Ocean Blue - zilianthegreat),Ocean Blue - WRLD[zilianthegreat],,,,,333.726,,,,,7.38,E52448E9AF78590A521C0023333573468D9BB8C1
大佬包,,92ba (KISS OF DEATH - Scrappy),KISS OF DEATH - Mika Nakashima[Scrappy],,,,122.974,297.259,,,,2.68,6.51,ECADB8F66CEDAF7501167FB69A54E47183D39EE5
大佬包,,9332 (USAO - Jez),USAO - DJ Genki[Jez],,,,,366.255,,,,,8.21,B81DFF86A58DA265847BD3F0E4802709A319326D
大佬包,,9484 (Bassdrop Freaks - muffn & Saut),Bassdrop Freaks - Camellia feat. Nanahira[muffn & Saut],,,,314.266,404.334,,,,6.97,9.04,87295CA56A0652C2DE062BB5BAE64C7804DD6C5C
大佬包,,948a (Kill The Beat - simplymarvellous),Kill The Beat - lapix[simplymarvellous],,,151.156,190.515,311.226,,,3.29,4.17,6.9,5183C321719C2B93FCA26AA2EF0463F2E22FE9F5
大佬包,,9924 (Garakuta Doll Play - DE125),Garakuta Doll Play - t+pazolite[DE125],,,,,471.434,,,,,10.63,790735D0DA9B1FD59A0C6FEE32A394539556E5F3
大佬包,,992c (Space Battle - Fnyt),Space Battle - F-777[Fnyt],,,,,351.478,,,,,7.83,A3696DE1A0DAA121CC195DD409B0D35CC98900E7
大佬包,,995e (VECTLEGGENDARIA - Vilawes),VECTLEGGENDARIA - Rotteen[Vilawes],,,161.904,335.549,487.347,,,3.55,7.42,11.06,1C09E823E2B9720E573EA46C53C62EDAAAD51665
大佬包,,996f (Weapon - ExUnReal),Weapon - Grant[ExUnReal],0,,,190.534,327.142,0,,,4.18,7.25,B599483C0C01992DAD3C93BE6CF40644E54227C6
大佬包,,9978 (toromi hearts 2 - Souk & fraies),toromi hearts 2 - goreshit[Souk & fraies],,,247.708,354.013,414.729,,,5.42,7.97,9.51,3B439C16DFC546EDC6B41A07B0DD33908986A087
大佬包,,998f (Darkness Overload - zilianthegreat & ExUnReal),Darkness Overload - Camellia[zilianthegreat & ExUnReal],0,,,,367.901,0,,,,8.2,BA6DF1305EBEB38C4B406E9410A33B225A8A153C
大佬包,,999e (Twisted Drop Party - abcbadq),Twisted Drop Party - t67+67pazolite & Getty[abcbadq],,,220.677,334.939,390.014,,,4.86,7.5,8.81,F4EA5B4B5B6004EBAD86FABFB96409315DC621C3
大佬包,,9a3d (Rasen Hikou - LemoNade),Rasen Hikou - Omoi[LemoNade],,,,,354.636,,,,,7.85,A6BCB9BEDCAD2A6F636D8051C089B4B63CC0043A
大佬包,,9ab1 (Affiliate Requiem - Vilawes & Skeelie),Affiliate Requiem - Kobaryo[Vilawes & Skeelie],,,210.389,362.933,505.727,,,4.66,8.09,11.66,B9BED84A127130BF80AFF18DB677EDD215CE0AB5
大佬包,,9ab2 (REVIVER - CoolingCloset & LompL Allimath),REVIVER - MY FIRST STORY[CoolingCloset & LompL Allimath],,,,,372.541,,,,,8.32,D2672C7A840ABA695C6D4D5A177BC00CFEF64300
大佬包,,9ae3 (Quaoar (For Thanks Follower 50k) - Checkthepan),"Quaoar (For ""Thanks Follower 50k"") - Camellia[Checkthepan]",,,,,352.729,,,,,7.85,E5BE675E27AB90D726F5F72C48E8490DFCD51FC9
大佬包,,9afa (Figue Folle - Vilawes),Figue Folle - Igorrr & Ruby My Dear[Vilawes],,,,,382.67,,,,,8.57,CFCC48A3FA60B81B2C7678D443DF9E2E4F8AD5A1
大佬包,,9afd (Glitched Character - Scrappy),Glitched Character - Kobaryo[Scrappy],,,,,416.111,,,,,9.27,AE3253705F17262E0A4E2574A34AB64B6BD9450D
大佬包,,9b01 (ouroVoros - Vilawes),ouroVoros - Negentropy(Team Grimoire)[Vilawes],,,112.966,196.621,366.945,,,2.45,4.35,8.21,55A2C1D457568C55AA06B3B3FC5BE614A1FB3990
大佬包,,9b09 (QZKago Requiem - Schwank),QZKago Requiem - t+pazolite[Schwank],,212.261,374.36,472.292,0,,4.67,8.3,10.71,0,A3BFE1A6CC95ADBA6F5541338264F40235F1D5F4
大佬包,,9b0e (Nisemono Chuuihou - Rune & TheRealZeroz),Nisemono Chuuihou - B-ko[Rune & TheRealZeroz],,,,,450.627,,,,,10.23,F102C77F848203C7A5F472B96B177A13CD09B886
大佬包,,9b31 (Sankaku - Skeelie),Sankaku - appy[Skeelie],,,105.237,164.478,273.067,,,2.28,3.6,6.04,84D312AB353BD305E85D7D330A5B02C3FBF059FD
大佬包,,9b36 (Ill - carrot),Ill - a crowd of rebellion[carrot],,,,,373.818,,,,,8.33,26581526580FB65E6D3905EB5E132AD8DDA58683
大佬包,,9b91 (Guchagucha Coke Screw - Vilawes & Depito),Guchagucha Coke Screw - t+pazolite[Vilawes & Depito],,,268.969,415.041,447.109,,,5.92,9.28,9.99,EB19A1155094C0A34FAF1D729F5C74E25FE7FE5B
大佬包,,9bab (Sad Spring - Scrappy),Sad Spring - Draw The Emotional & Foreground Eclipse[Scrappy],52.986,64.562,130.471,226.031,348.232,1.13,1.39,2.83,4.96,7.81,83799EA6C53ACB1EF0ADF4E79DA70AD789176896
大佬包,,9c01 (The Devil - Fern),The Devil - Aether Realm[Fern],,,,,414.54,,,,,9.27,88FACAFBED5F0886471DD92AFF0B30EECCCFD4FE
大佬包,,9c17 (Nanamori - Depito & ExUnReal),Nanamori - Kotori[Depito & ExUnReal],0,,173.609,235.379,390.906,0,,3.78,5.19,8.69,558FD3C73D5F7E5BBBF1616760E099EBCFD75903
大佬包,,9c22 (Galaxy Friends - Jez),Galaxy Friends - Kobaryo[Jez],,,,,494.243,,,,,11.17,28BDD9211BD4CD76E2D2FB8A32245DBB7F38F7AB
大佬包,,9cd5 (Senseless Massacre - Burchase),Senseless Massacre - Rings of Saturn[Burchase],,,,,472.248,,,,,10.7,1C0DF30696959676B3EA77D3FB6DF455025E9583
大佬包,,9e5c (We Could Get More Machinegun Psystyle! (And More Genre Switches) - DE125),We Could Get More Machinegun Psystyle! (And More Genre Switches) - Camellia[DE125],,,,,519.257,,,,,11.77,D7D1C76F5F74510D4E70B51A105D2BEBE194BEFD
大佬包,,a063 (Weeble Wobble VIP - +1 Rabbit),Weeble Wobble VIP - Eliminate[+1 Rabbit],,,134.593,247.505,341.574,,,2.92,5.44,7.59,6F6566885D6FBFF5164DC8AD785A9F25DC8DA2DF
大佬包,,a066 (FIRSTDREAMS - muffn & altrewin),FIRST:DREAMS - uma vs. Morimori Atsushi[muffn & altrewin],,,212.858,342.556,490.842,,,4.67,7.6,11.12,3F97C2436882538C7B482E87A5E97B9F14EDCB69
大佬包,,a069 (Press Start - muffn),Press Start - MDK[muffn],,,,,393.69,,,,,8.84,67BB0D3F7B8E46968C7A4F4346DEE5F9D8EFFD09
大佬包,,a2de (The Government Knows - Ramen Noodle),The Government Knows - KNOWER[Ramen Noodle],,,312.157,327.872,313.875,,,6.89,7.25,6.92,237109CFBDF4594DE63BD16C52A18204D85AD778
大佬包,,a3d8 (The Mob - EpicEwok),The Mob - RIOT[EpicEwok],,,,,327.062,,,,,7.32,FFA96E9D11E1D2112C79E6A79112501B9295FB09
大佬包,,a460 (Takoyaki - Vilawes),Takoyaki - Ultra Vomit[Vilawes],,,154.839,294.111,403.479,,,3.37,6.48,8.98,92BAA4CE632807E5834D084954B1D726CEF29ED4
大佬包,,a49b (Hold Angel - Rogdude),Hold Angel - you[Rogdude],0,0,167.676,363.774,489.253,0,0,3.64,8.07,11.06,805220F74ECB8FFFD9930ABCF4AB601E90E5751E
大佬包,,a53d (Stealth-Dash - Umbranox),Stealth-Dash - Camellia[Umbranox],,,,,376.34,,,,,8.42,34EF2837078373941A14D568B1E3ED1FDA71F079
大佬包,,a544 (G4M3-0V3R - shrado & abcbadq),G4M3-0V3R - Kobaryo[shrado & abcbadq],,133.25,202.819,384.232,436.092,,2.9,4.46,8.68,10.32,3FFA62BD196370D7CD0AD9817EFB11D5633706D9
大佬包,,a54c (Galaxy Collapse - Skeelie),Galaxy Collapse - Kurokotei[Skeelie],,,270.752,360.624,0,,,5.92,7.99,0,CB24CE05B6D0994586E2D4FBE999B304CF8F9D67
大佬包,,a951 (CANDYYYLAND - Animinay),CANDYYYLAND - tofubeats[Animinay],,89.922,127.434,307.705,362.812,,1.94,2.77,6.81,8.11,1D10B6B5A6FF9007621716C04389D63458420929
大佬包,,e27 (Blue Zenith - bananentropfen),Blue Zenith - [xi],,,,,315.472,,,,,7.05,D3A0DE31EBE3B61D3328D03A0E82C4152A9BE5A8
大佬包,,e4d (Ange du Blanc Pur - hexagonial),Ange du Blanc Pur - ke-ji feat. Nanahira[Hexagonial],,,,,328.346,,,,,7.36,AEB177797284C67D7763FA820084449B483D2748
大佬包,,e55 (Cycle Hit - hexagonial),Cycle Hit - KASAI HARCORES[Various Mappers],,,,0,280.465,,,,0,6.48,8C51D94E3E247DF86A4C7113E9FDBCC434A56F4B
大佬包,,fa3 (Deadly Nostalgia - ruckus),Deadly Nostalgia - Zemeth[Ruckus],,,,,248.685,,,,,5.59,CA4F921E9FB576192203CEB7FCAF54E230055591
萌新曲,,1 (me & u - datkami),me & u - [succducc],,,129.501,,,,,2.81,,,FDA568FC27C20D21F8DC6F3709B49B5CC96723BE
萌新曲,,107b (Our Wrenally - Kizuflux),Our Wrenally - Chart by Kizuflux[t+pazolite],53.731,79.305,0,0,0,1.15,1.72,0,0,0,29F3A85E05D579E48AAFA670F4D8B8635ADB1805
萌新曲,,1084 (Conqueror - novashaft),Conqueror - AURORA[NovaShaft],,,93.293,118.961,,,,2.02,2.59,,65D94D402E22AF95E95E69F38D41B05881E96AAF
萌新曲,,10de (Mirror Night - squeaksies),Mirror Night - V.K[squeaksies],,,,117.226,,,,,2.6,,CB583CF25D1623E0D1BB8A4AAE9795DB40E6BFEF
萌新曲,,10f (Gerudo Valley METAL - atlasentity),Gerudo Valley METAL - [Machinae Supremacy],,34.104,51.255,0,,,1.18,1.5,0,,2DE36009613E11C00380D71C70A42189A2E5BBDB
萌新曲,,116b (Always - SkyKiwi),Always - [Panama],0,0,0,100.125,120.626,0,0,0,2.24,2.71,022C187AE58A1897BBC309B4F6B62ECB4ADC5760
萌新曲,,1211 (City Lights (Pa's Lam System Remix) - Saut),City Lights (Pa's Lam System Remix) - HyperJuice[Saut],,,,,183.057,,,,,4.42,8EEB20D53093FCF060460AA9AC6815D0668D27D1
萌新曲,,1227 (Solfeggietto - ruckus),Solfeggietto - C.P.E. Bach[Ruckus],,,,,152.762,,,,,3.39,071FE03CF0740E85B4A41F3DBD7BCAC05A2F3F84
萌新曲,,"122f (Nice To Meet You, Mr. Earthling ft. Hatsune Miku - edzo)","Nice To Meet You, Mr. Earthling ft. Hatsune Miku - Pinnochio-P[Edzo]",,,,121.399,,,,,2.65,,13C217E8068A0986D695729B8165B91F38079BB4
萌新曲,,126c (iLLness LiLin - mystikmol),iLLness LiLin  - Chart by Mystikmol[Kaneko Chiharu],,54.571,123.617,222.557,0,,1.18,2.77,5.26,0,0BFAB2B62C6D7EA1C3587C48EFD1A0EEC365D983
萌新曲,,1283 (Burn My Dread (Short Ver.) - woops),Burn My Dread (Short Ver.) - Persona 3 OST[woops],,,,,141.107,,,,,3.12,74CB8192AEEE46A91CBFC47707C653179DFED8FE
萌新曲,,12d9 (Pixel Galaxy - fefeland),Pixel Galaxy - Snail's House[FEFELAND],,,68.575,0,,,,1.49,0,,848B35A0028465BC4D76FD3CAFB5ACC4B2C70D5A
萌新曲,,12e (You Are the End - atebite),You Are the End - [Waveshaper],,,70.231,,,,,1.52,,,91E78271A7E4FB42092DC5671E82012293997723
萌新曲,,1373 (Nico Nico Douga Medley - jackscape),Nico Nico Douga Medley - [jackscape],,,,,150.585,,,,,3.33,D6B9CD678D2C3AA9CE41762A22F24D867329044D
萌新曲,,13a0 (Greenlights Serenade - edzo),Greenlights Serenade  - Omoi ft. Hatsune Miku[Edzo],,,0,144.264,148.152,,,0,3.17,3.28,B3F11301E4AC555184E7EF4344242049FEA41345
萌新曲,,13e9 (BUBBLE TEA - roeek),BUBBLE TEA - dark cat[Mapped by roeek],,,0,166.257,,,,0,3.65,,F83EDEC86D3FAF683711ECB0A9DF6BD65D2D0CE0
萌新曲,,140e (Responsibility Response - rinkusenpai),Responsibility Response - Izumi Akazawa (CV. Madoka Yonezawa)[RinkuSenpai],,,,154.104,,,,,3.37,,6FFE3B4B9506C77BEAA335E9D3841C77FDAC070D
萌新曲,,141 (Gangnam Style - greatyazer),Gangnam Style - PSY[GreatYazer],,53.446,0,0,,,1.15,0,0,,8E7E553099436AF31564ADF1977A5EC42A61CFFF
萌新曲,,1490 (Underworld - killthealias),Underworld - Eptic[killthealias],,,,73.939,,,,,1.79,,A9E6B0C1942C89ECDFD3D0F6162CCB68BC04CE28
萌新曲,,14bd (We Built this City - rustic),"We Built this City - Starship[GreatYazer, Rustic, BennyDaBeast]",,43.093,72.61,0,,,1.03,1.66,0,,477FAC9561E8931C7EFAF49FAA065611348F159D
萌新曲,,1500 (Test Drive - stumi),Test Drive - John Powell[Stumi],0,75.991,0,0,,0,1.65,0,0,,40B2D900D8301AB15DF8043CDCE8FD2686AFFF4F
萌新曲,,155 (Midnight City - bennydabeast),Midnight City - M83[BennyDaBeast],,53.103,59.564,89.71,138.715,,1.14,1.28,1.96,3.08,FBD8B9338BFFB98555A10C69887234FAC959D83D
萌新曲,,159 (Kyouran Hey Kids!! - tigerdragonb),Kyouran Hey Kids!! - Noragami Aragoto Opening[The Oral Cigarettes],,,0,101.924,123.055,,,1.74,2.24,2.72,BEB94EDEE41D9AAB16630EA96A752B2217EB95E9
萌新曲,,15b1 (Blood Hunter - rustic),Blood Hunter - Varien[Rustic],,,,,140.199,,,,,3.07,D06A8564708C3ACEF7FB889A194614F176236E4C
萌新曲,,1668 (Meltdown feat. Rin - todokete),Meltdown feat. Rin - by Iroha(Sasaki)[Todokete],,34.799,55.721,94.328,107.603,,0.75,1.21,2.06,2.37,26933342740E324FFEEEB1FF53F5231E5CEA3D95
萌新曲,,166c (Just be Friends feat. Luka - todokete),Just be Friends feat. Luka - by Dixie Flatline[Todokete],,45.207,65.497,95.197,,,0.97,1.41,2.07,,8E41C0730EBB1A7D265925386CB9801D72427130
萌新曲,,16b0 (Little Kandi Raver 2012 - edzo),Little Kandi Raver 2012 - S3RL ft. Sara[Edzo],,,97.496,121.075,,,,2.11,2.65,,B42FF8D822C0D3EF459F04DE3B6631FCDC21489D
萌新曲,,17b1 (sleepparalysis - Krydar),sleepparalysis////////////// - isqa[Kry],,,,,137.839,,,,,3.35,65F78118110793E75B81422D01E67B0C7623CFF1
萌新曲,,17d (Life Will Change - squeaksies),Life Will Change - Persona 5 OST[Shoji Meguro],,,88.922,122.179,,,,1.93,2.69,,532D6987004E927B5B54ED2AFC9EFC20C5970D51
萌新曲,,188c (La Grange - freeek),La Grange - ZZ Top[Freeek],27.645,0,113.705,154.729,159.882,0.59,1.58,2.48,3.43,3.57,8A959C2FCB00A410DC8E0C13C04ADE3F75F195E9
萌新曲,,189 (The Wolf - elektrospy),The Wolf - SIAM07S[Elektrospy],,76.087,,,,,1.66,,,,5D1464476AFA2CAE02879B1BA8DF477BCF4E74B6
萌新曲,,194 (Marble Soda - squillistipated),Marble Soda - Shawn Wasabi[Squillistipated],,,,114.127,,,,,2.5,,56AB93337898C37E5D0E8BD3FD6627F77F29BC6B
萌新曲,,1942 (Chrome Vox - moriik),Chrome Vox - t+pazolite[Moriik],,,75.808,116.245,173.077,,,1.65,2.54,3.91,692C3639C199DC1FA381325B77A70966186C125F
萌新曲,,1949 (Black Emperor - mystikmol),Black Emperor - Chart by Mystikmol[Chroma],34.99,69.674,,275.545,0,0.75,1.5,,6.11,0,AA4038E7B937773382C569A097D7B3CF0C40407D
萌新曲,,1955 (Hitorigoto -TV MIX- - psyc0pathic),Hitorigoto -TV MIX- - ClariS[Psyc0pathic],,,109.59,147.493,,,,2.39,3.33,,C043C27D2825A4A368D7D899437491A0D56C2A1C
萌新曲,,19ca (Bubble Pop - fafurion),Bubble Pop - Hyuna[Fafurion],41.969,0,99.27,128.603,,0.91,0,2.17,2.8,,E8ED13A78CD1E566F754D0CB47D4B5CDE8918ABE
萌新曲,,19de (Made In Love - mystikmol),Made In Love - Chart by Mystikmol[Chroma],0,0,0,,192.958,0,0,0,,4.41,6F41DB10DB5070511552D5932419C738B17D3E41
萌新曲,,1a33 (RELOADED - Saut),RELOADED - EGOIST[Saut],,,107.603,186.401,300.511,,,2.35,4.11,6.72,A5BE6E439863B22BB0CA36E2F4EAD53452E1B978
萌新曲,,1a8a (Bitch Lasagna - rogdude),Bitch Lasagna - PewdiePie[Rogdude],177.314,,,,,3.9,,,,,73AA21E280242CC6935CFE371B9DA96720032FF7
萌新曲,,1a9 (Gillette - sebbsubb),Gillette - [Dr.Disrespect],,,,72.314,,,,,1.57,,528EC747C2716A78496C870CAEED5A2C757CA217
萌新曲,,1ae (Alone - jwaters),Alone - Made By JWaters[Marshmello],,,,92.538,,,,,2.05,,FFF756F6D76BD0049082D125773B6EC97C28C89B
萌新曲,,1aed (Pray(TV Size) - fayhe),Pray(TV Size) - Chisuga Haruka[Fayhe(EX+ by Mystimol)],,,0,0,205.395,,,0,0,4.54,045662B7C37AF1D09E0F0A54C7076D4B2CB2C721
萌新曲,,1b5 (Electra Heart - greatyazer),Electra Heart - Marina and the Diamonds (Betatraxx remix)[GreatYazer],,83.923,,0,,,1.82,,0,,676BF0C78B1DE04C0760FA8FB8F112E0ACA5B4D6
萌新曲,,1b7 (WALK ON WATER - rustic),WALK ON WATER - 30 SECONDS TO MARS[Rustic],,31.288,0,,,,0.67,0,,,7641706012EE4EF9BF7D7E26A18F9D87D4807F22
萌新曲,,1bf (Lone Digger - calijor),Lone Digger - [Caravan Palace],55.781,0,0,0,,1.2,0,0,0,,906160FD1F808E2F34F33C2CA5920118855C065D
萌新曲,,1c1 (Shia LaBeouf - kleid),Shia LaBeouf - Rob Cantor[Kleid],62.583,75.436,79.356,0,,1.36,1.65,1.73,0,,1279A3FCAFF31E767E5DD7D7C016EC08733CF566
萌新曲,,1c16 (Victor's Piano Solo - ruckus),"Victor's Piano Solo - Danny Elfman, The Wild Conductor[Ruckus]",,,,70.251,,,,,1.54,,3F147F8AFA9089B76197E18CFF36E08A261BA072
萌新曲,,1d06 (Wind - ruckus),Wind - Thaehan[Ruckus],,,,98.021,,,,,2.15,,C9327A763605AF137B91F8DA5DF50B2102F82259
萌新曲,,1d07 (Epic - Brady),Epic - Tokyo Machine[Brady],,,,,140.17,,,,,3.08,9ADD07A1625027A42110EFC4E1EFD03D8C960FEF
萌新曲,,1d0a (Rendezvous - heisenbergirl),Rendezvous - Scandroid[Heisenberg],,0,0,150.519,,,0,0,3.32,,F2F47F2ABD93AF32F2D91D8210F41315D8FC39B6
萌新曲,,"1d2 (9,000 Miles - mars)","9,000 Miles - (Charted by M.Rappold)[Pendulum]",40.977,51.189,54.477,101.525,0,0.88,1.1,1.18,2.23,0,4C750C4BA3EB6E0B61F1549169D814D54BE2CA01
萌新曲,,1d3 (Click Bait - calijor),Click Bait - Feat. Gl!tch[DJ S3RL],,77.977,128.354,159.104,,,1.69,2.8,3.49,,0167975F8788AFBBC7D27B4C939395660C1DE854
萌新曲,,1d42 (Ai Kotoba III - edzo),Ai Kotoba III - DECO*27 ft. Hatsune Miku [Edzo],,,88.992,144.366,,,,1.93,3.15,,28E8A3995E597B1F8BAADF6AFAB0666E39672D2A
萌新曲,,1d50 (Chaoz Fantasy - skylerwallace),Chaoz Fantasy - ParagonX9[Skyler Wallace],,,0,127.347,,,,0,3.25,,F55BB69E6F07EF93D84CB42A2FA6BC9189DD7E01
萌新曲,,1d7 (Make Us High - ambralbeat),Make Us High - [E-Type],,,,57.661,,,,,1.3,,E10A6A96310AE35F366A24DE802B20F82B4624AB
萌新曲,,"1db6 (Setsuna Imitation (feat. Yurica, Hanatan) - Saut)","Setsuna Imitation (feat. Yurica, Hanatan)  - Yairi[Saut]",,64.307,144.391,200.58,325.345,,1.39,3.15,4.5,7.36,196D1061EAC3CD4BC586E5AFCAEA07C35F1D69D0
萌新曲,,1e1d (Silicon XX - edzo),Silicon XX - S3RL ft. Nikolett[Edzo (lighting by AaltoPahWi)],,,94.386,129.91,,,,2.05,2.86,,03BA5157516EF3179ED9CE09F0EECE7B95ECA8ED
萌新曲,,1e9c (13 (Rukkus Remix) - JackoDEJ),13 (Rukkus Remix) - Astronaut[JackoDEJ],,,,134.915,,,,,2.95,,9940853E37E69D6439CE4FBA2226DEA27833D5CD
萌新曲,,1ec9 (Another Dimension - bakuenjin),Another Dimension - Junghwan Park[Bakuenjin],,,,155.437,,,,,3.41,,F83EF9E57DE3DADF0E29F1DD470E3D10EF721196
萌新曲,,1ed1 (Sidetracked Day (Short Ver.) - hexagonial),Sidetracked Day (Short Ver.) - VINXIS[Hexagonial],,,,199.125,270.474,,,,4.42,6.09,83C08F4B86A4BBE232A8DEB9527EC6D6B24EC9AB
萌新曲,,1ef (DotA - fossilgenera),DotA - [Basshunter],,59.334,81.542,0,,,1.27,1.77,0,,DC4906A7F76965CDD2B75C72CF470344B698E352
萌新曲,,1f0 (Narcissistic Cannibal - tigerdragonb),Narcissistic Cannibal - Ft. Skrillex and Kill The Noise[Korn],,,56.518,91.555,0,,,1.25,2.02,0,FFB7514DA1F7E0399B07EBE60CF7AB18EA3BFC8B
萌新曲,,1f0d (Hyadain no Joujou Yuujou - todokete),Hyadain no Joujou Yuujou - Hyadain[Todokete],,44.483,68.092,113.077,129.019,,0.96,1.47,2.52,2.9,57E25A8D2645FE41A625C7E19AAC8FF96A619D29
萌新曲,,1f11 (g a r d e n (Short Ver.) - blackblazon),g a r d e n (Short Ver.) - DM DOKURO[BlackBlazon & Kolezan],,,,148.479,298.614,,,,3.26,6.62,4CE7BCA5960C90FE634D73F4BB8375EC6A31ADAE
萌新曲,,1f3b (Hammer o Denpa Song ni Shitemita - CoolingCloset),Hammer o Denpa Song ni Shitemita - kana[CoolingCloset],,,,,163.216,,,,,3.63,5C6C1D7CFDA4C91920CE0510FE4B43D6CA918AFF
萌新曲,,1fec (The Merchant Guild - 100k Contest - bakuenjin),The Merchant Guild - 100k Contest - Junghwan Park[Bakuenjin],30.465,42.248,77.275,0,,0.65,0.91,1.67,0,,05ADE6C52249659190140EBD4540786EF7752E06
萌新曲,,1ff0 (I can't stop - rustic),I can't stop - Flux Pavilion[Rustic],32.281,42.997,82.722,82.231,,0.69,0.92,1.78,1.78,,8D9DF176C94ECF5C7725457525B6F959F5EF9296
萌新曲,,1ffd (Senbonzakura (Short Ver.) - Kolezan),Senbonzakura (Short Ver.) - Kradness + Giga-P[Kolezan],57.709,73.182,110.985,160.289,195.836,1.24,1.59,2.42,3.52,4.33,EB28A79E2DBC80948D0EA09631E83557EA6B6735
萌新曲,,1fff (Chiru Chiru - Kolezan),Chiru Chiru - REOL[Kolezan],51.165,63.121,83.175,103.571,,1.1,1.37,1.82,2.28,,9993D9F5B03472EFA5B8B31D3DC4156301145D97
萌新曲,,204c (Indoor Kei Nara Trackmaker - hexagonial),Indoor Kei Nara Trackmaker - Yunomi & nicamoq[Hexagonial],,,,163.648,,,,,3.59,,DA30511AB750F7DF3B2E5416EACC1729F6A5D8B2
萌新曲,,210 (cYsmix - Escapism (BilliumMoto Flip) - unzor),cYsmix - Escapism (BilliumMoto Flip) - [Unzor],44.391,64.365,0,0,,1.01,1.41,0,0,,A83749111C38DD072C8ED4CB56AD0DA1F4ADDD47
萌新曲,,2120 (OKAY - hexagonial),OKAY - Tokyo Machine[Hexagonial],,,,,190.625,,,,,4.27,8BD769820F8D71EBC25964771DDC950B5EBD3AAB
萌新曲,,216 (Cut Your Teeth - freeek),Cut Your Teeth - Kygo & Kyla La Grange[Freeek],21.091,28.43,63.188,0,,0.45,0.61,1.37,0,,E1176B97EE4786F0CDFACB8770AD2B4ABDDEAF02
萌新曲,,217 (Beat it - freeek),Beat it - Michael Jackson[Freeek],18.052,29.863,78.459,0,,0.39,0.64,1.7,0,,4B2DA842B687EC4CFBC948C583C21C79D4120DE0
萌新曲,,21bb (THE BLUE - ejiejidayo),THE BLUE - M.S.S Project[ejiejidayo],,,,176.355,,,,,3.91,,DD1E4D372642EE3079BC9494D424C1294239CE78
萌新曲,,21c (Freaks - invidiasnow),Freaks - Timmy Trumpet & Savage[Invidia Snow],,68.038,85.411,0,,,1.48,1.86,0,,88153B55AA44ACB502DF9CF3871012DEE3390BB4
萌新曲,,22a (Astrogazer - D.J Totto - flandresdm),Astrogazer - D.J Totto - [D.J Totto],33.739,63.918,0,0,,0.73,1.39,0,0,,7F123B09A16FF0BDCE6B0B9182CD89C46B936A5F
萌新曲,,22d8 (Spectrum - Krydar),Spectrum - Zedd[Kry],,,,,203.218,,,,,4.44,A1563B3D664E6D58419F2D77E924C751B909EC7F
萌新曲,,233 (Witchcraft - freeek),Witchcraft - Pendulum[Freeek],19.278,31.907,79.995,0,,0.41,0.69,1.75,0,,794382D60291A704D6EA8FF43F9E0D6ADE99DB65
萌新曲,,235 (Doomsday - Nero - logomike),Doomsday - Nero - [Logomik],37.66,45.167,59.35,0,,0.81,0.97,1.28,0,,E39D28AABE102E2681C231FBFD884CC15ABFE8D3
萌新曲,,236c (Control (ft. Jex) - dorothyfeelings9),Control (ft. Jex) - Unknown Brain & Rival [Dorothyfeelings9 & ManDynasty ],,,,108.986,,,,,2.4,,45C2C1287B5789D3EB98DCEA6F87C5DEA0BC882A
萌新曲,,24 (New Style - virtualturtle),New Style - [Pegboard Nerds],,,,82.51,,,,,1.8,,067FFA3CF6C35FA8E33CB6720C85ED8A4369AD6A
萌新曲,,243b (Lifelight - todokete),"Lifelight - Hideki Sakamoto, Erina Koga, Abby Trott[Edzo & Todokete]",,,0,105.81,,,,0,2.32,,4D2559D4BE335632AE12BD53360297C6D2D58A90
萌新曲,,243c (Ocarina of Time Medley - todokete),Ocarina of Time Medley - Michiko Naruke[Todokete],,,61.929,135.649,,,,1.33,2.97,,00B539E86EA3F0B1E966544A297FB4942E499E6F
萌新曲,,243d (Flat Zone 2 - todokete),Flat Zone 2 - Kenichi Okuma[Todokete],,,55.168,82.301,142.603,,,1.19,1.78,3.14,727F16F8BEF6DDB62F7A1ABD3677737F5082A302
萌新曲,,243e (Snakey Chantey - edzo),Snakey Chantey  - Kumi Tanioka[Edzo],,,72.188,161.323,214.493,,,1.56,3.56,4.75,1CCA456BF71339F4A9B0E7BEE5EF9E6A016D20CC
萌新曲,,243f (Bomb Rush Blush (Smash Ultimate Mix) - todokete),Bomb Rush Blush (Smash Ultimate Mix) - Tomoya Ohtani[Todokete],,,49.494,102.07,204.274,,,1.07,2.22,4.52,D0B80C6F3B072791779D39A2BC637719B6E99250
萌新曲,,2440 (Staff Credits - Kirby's Dream Land - edzo),Staff Credits - Kirby's Dream Land - MASAKI[Edzo],,,87.505,0,,,,1.9,0,,76C9218878684411506B4E8F26DD2AA16E4BE6C5
萌新曲,,2441 (Crocodile Cacophony - edzo),Crocodile Cacophony  - Soshi Abe[Edzo],,,83.842,165.095,,,,1.81,3.65,,B54881C288E83036EC8A67E774926CE334798F4E
萌新曲,,2474 (Game Time - greatyazer),"Game Time - 3LAU, feat. NINJA[GreatYazer]",37.183,46.96,0,104.674,143.21,0.8,1.01,0,2.28,3.15,440C7251532EAD28F661D7DCE5750D3A3E487E7E
萌新曲,,2475 (Bring It On - Kolezan),Bring It On - Giga-P[Kolezan],47.471,62.562,89.48,121.336,,1.02,1.36,1.95,2.64,,4CB323A4340177D7B7CA74F67F6B920ED320EE5E
萌新曲,,24f4 (Lost My Pieces - TigerAW),Lost My Pieces - Yukari Hashimoto[TigerAW],,,88.707,,,,,1.94,,,717A5A49D6E3365BDD09EA4D4C22EF3CE6A89436
萌新曲,,256 (Rainbow Notes - rustic),Rainbow Notes - Approaching Nirvana[Rustic],,,64.244,111.763,,,,1.38,2.45,,3ED159A3439F52A1CBA7DE0E40FABFD9DC37BBDA
萌新曲,,257c (level One - blackblazon),level One - Dj Striden[BlackBlazon & Minty & Nolan],,,,138.032,189.528,,,,3,4.21,F2CBCAF5C58BA9F7218CC4BCB304A401F874B784
萌新曲,,"25dc (Hello, Morning (Short edit) - Kolezan)","Hello, Morning (Short edit) - Nor ft. Kizuna AI[Kolezan]",43.363,58.742,90.584,116.547,,0.93,1.27,1.97,2.55,,DE2FA331968696588DA1395E4E3414FAE13FE6C2
萌新曲,,2649 (Soar - hexagonial),Soar - Erik McClure[Hexagonial],,,,151.351,,,,,3.3,,087CEDEAB4B9E4C3A4B9C594C97BEE6F446F0A77
萌新曲,,2683 (Routine - hexagonial),Routine - Silent Siren[Hexagonial & Splake & Puds],,,,197.51,346.252,,,,4.36,7.67,AEDD974BD0B7BFAF8C9F9950BFD6368C04ADE258
萌新曲,,2693 (I Want You - ejiejidayo),I Want You - DJMAX[ejiejidayo],50.178,58.383,78.934,130.907,,1.08,1.26,1.71,2.85,,BB9DE13539A2AB9A21F7FF68A2669F7887011456
萌新曲,,26a0 (Weird Machine (ft. Nevve) (Syrex Nightcore) - ManDynasty),Weird Machine (ft. Nevve) (Syrex Nightcore) - DROELOE[ManDynasty],,52.875,80.661,109.782,,,1.14,1.76,2.39,,2CABD615FE4341A40B175F45F8FC27194D4AFD48
萌新曲,,26f6 (IGNITE - Joetastic),IGNITE - Aoi Eir[Joetastic],,,,147.564,,,,,3.21,,125B07EBCC06FE9667E83FC2D6B9AE5ECBC72E8C
萌新曲,,2711 (Courage - Joetastic),Courage - Yuuki Asuna (CV: Tomatsu Haruka) [Joetastic],,,,177.303,,,,,3.89,,D2E8521CED63CD513B70E91CD23394FCA0045842
萌新曲,,2751 ((can you) understand me - Sotarks),(can you) understand me? - Komiya Mao[Sotarks],,,,151.28,,,,,3.3,,DF27F79D91778CC141315B457D621D249C11DC6B
萌新曲,,2785 (Clear Rose - squeaksies),Clear Rose - IZMIZM[squeaksies],,,,,159.505,,,,,3.52,E195BD186A68D03BD586F50F71943D43A38D915C
萌新曲,,27d8 (Monochrome Butterfly - fraies),Monochrome Butterfly - Aitsuki Nakuru[fraies],,,0,186.472,250.488,,,0,4.1,5.49,D60CA1E3B6175D57DAC7463D532989F83C257EFB
萌新曲,,282 (Awe (One Saber) - rustic),Awe (One Saber) - prototyperaptor[Rustic],,,55.029,96.659,,,,1.19,2.14,,397F4485345E33CC0CA1212425C19274EC855740
萌新曲,,2871 (Redo (TV Size) - rogdude),Redo (TV Size) - Konomi Suzuki[Rogdude],,,,171.185,,,,,3.75,,A82D821528D118F7AB16F7B237096D6779A33056
萌新曲,,294c (CANDYYYLAND (Pa's Lam System Remix) - Saut),CANDYYYLAND (Pa's Lam System Remix) - tofubeats[Saut],68.317,110.298,176.979,224.035,281.459,1.48,2.39,3.88,5.01,6.32,061DB548E0E73A58E93835997A3B06C7C27756E6
萌新曲,,29c0 (Teopacito feat. Will Stetson - psyc0pathic),Teopacito feat. Will Stetson - Luis Fonsi ft. Daddy Yankee / R3 Music Box / Omoi[Psyc0pathic & Hexagonial],,,,,179.36,,,,,3.97,E3DAD947B390E4CDA91875543E99DE7F918E3CE3
萌新曲,,2b (A Stranger I Remain - alix),A Stranger I Remain - [Jamie Christopherson & Logan Madler],,,74.084,93.057,,,,1.6,2.02,,E9530E656D468D80BA6B5F2EF3962588236ECCC8
萌新曲,,2b4 (Happy Synthesizer - mystikmol),Happy Synthesizer  - Chart by Mystikmol[EasyPop],34.082,48.958,75.642,,0,0.74,1.05,1.64,,0,6CBE4F85271656591CF5402C3BAB3364BF8B98AA
萌新曲,,2c0 (Sick Boy (Prismo Remix) - zanqeon),Sick Boy (Prismo Remix) - The Chainsmokers[Zanqeon],,,67.982,,,,,1.71,,,1A03282973A9FF2F493CC308D0F40C3140ADB0CF
萌新曲,,2dd6 (Berry Go !! - yun0),Berry Go !! - Freezer (Feat. Kiichigo)[Yun0],,53.873,86.877,191.338,230.693,,1.16,1.88,4.17,5.06,E5F61DBD37A9CB46506C899ECC6861B6491D27DD
萌新曲,,2e9 (Blow Me Away - greatyazer),Blow Me Away - Breaking Benjamin[GreatYazer],,52.647,0,0,,,1.14,0,0,,82B8E2C82DCC84CBB5D70CF5EE545EBB145C6311
萌新曲,,2ef (Evangelion Opening - purphoros),Evangelion Opening -  A Cruel Angel's Thesis[Purphoros],,,72.461,,,,,1.57,,,8B176DE1E1CDAC314746A70E5B1F62847A7A12F2
萌新曲,,2f (Escape - rustic),Escape - Netsky feat. darrison[Rustic],,,83.28,0,,,,1.81,0,,2500A6CD5D1ABFE0AE44237BEEC2DE4BD7DAEDBA
萌新曲,,2fe (Way Back - speed),Way Back - [Vicetone ft. Cozi Zuehlsdorff],,42.067,66.226,0,,,0.91,1.43,0,,D5AF11F4C5CAED00D68CD030FE9E269B0D12EFF0
萌新曲,,301 (Cryosleep - macheezmo),Cryosleep - [Machinae Supremacy],55.911,0,0,0,,1.21,0,0,0,,6D3890AA6C534167332BFC098A0084F6FDD8E250
萌新曲,,305b (Mirai to Mirai - orangew),Mirai to Mirai - nayutalien ft. Mirai Akari[OrangeW],,,,,199.37,,,,,4.42,7DD5CB9A2E55426BC5BE81566378A5DA97D07102
萌新曲,,323 (Future Overture (Short ver.18) - drmarc),Future Overture (Short ver.18) - Mitchie M [Dr_Marc],,33.233,0,,,,0.72,0,,,F4E319DB2C4EF676A3E6C79CA9383F1C836CEF0E
萌新曲,,32d4 (MariannE (Lanota Edit) - redmagi),MariannE (Lanota Edit) - Yooh[Redmagi],43.718,50.198,76.402,121.809,257.519,0.94,1.08,1.65,2.64,5.71,AFB47D1ABB417A76A4293D29A725D6DD74D76782
萌新曲,,333 (Stadium Rave - njuline),Stadium Rave - (Jellyfish Jam)[Spongebob Squarepants],,,,104.504,,,,,2.28,,C1E37FDDA61DD63978EA65CD457810229CF02B74
萌新曲,,33a (Dragonmaid Opening - purphoros),Dragonmaid Opening - Fhána[Purphoros],,,,112,,,,,2.44,,1ECD372D412486AFD3AC3356C3333BE4E405B529
萌新曲,,33fe (Hoshi ga Matataku Konna Yoru ni - Uninstaller),Hoshi ga Matataku Konna Yoru ni - supercell[Uninstaller],,,101.558,130.227,184.527,,,2.21,2.85,4.1,D52D9C4D44C2C9CCD8AA4C27F82C96432B871E79
萌新曲,,360f (Again - squeaksies),Again - YUI[squeaksies],,,,,187.637,,,,,4.18,EC09852C974341516030D69776322DA85F9BF539
萌新曲,,36d5 (MAYDAY - oddloop),MAYDAY - TheFatRat & Laura Brehm[Oddloop],,,,131.027,,,,,2.85,,6A9042EB11D4DA0938BBDAA0F584131DEF762F4A
萌新曲,,382 (Telephone Awoo - calijor),Telephone Awoo - Telephone Number (1984)[Junko Ohashi],,,54.086,,,,,1.18,,,2B92A21BC94FDBD8FECDBC872785CE2BDC9BA89E
萌新曲,,388 (Shooting Stars (Onderkoffer Remix) - jovian),Shooting Stars (Onderkoffer Remix) - Bag Raiders[Jovian],,44.448,53.065,0,,,1.01,1.19,0,,90EA6FF40832AE26D69CE66580DCB95E4744072B
萌新曲,,38c (Wasted Love - glaciem),Wasted Love - [Lush & Simon & Gazzo],,,,95.65,,,,,2.16,,74406BAFE182AFECCEEC46CB0CD3C32B2629B639
萌新曲,,39 (Xenogenesis - mmmdoggy),Xenogenesis - [TheFatRat],,,,66.995,,,,,1.45,,DF7E75AB20B9A27960C9F95E9F2B5AD0927C46DC
萌新曲,,391 (Space Smasher - shakingace),Space Smasher - (Original)[Brett Kettler],,68.369,,,,,1.48,,,,0A5F887D9ADEC49122BE302AC01D9E29296DE7CA
萌新曲,,392 (Symphony - greatnate),Symphony - Clean Bandit[GreatNate],,,53.523,0,,,,1.15,0,,3B6E21A491136A4598B1D2FE12BA99637733A75B
萌新曲,,"39bc (World's End, Girl's Rondo (Asterisk DnB Remix) - ManDynasty)","World's End, Girl's Rondo (Asterisk DnB Remix) - Wakeshima Kanon[ManDynasty]",,58.783,86.429,124.491,216.504,,1.27,1.88,2.73,4.78,5C382E8993DE8780A39B0B77E07B0CCFE00BD3A3
萌新曲,,3aa3 (Hype feat. Such - iraky),Hype feat. Such - PSYQUI[iraky],,,171.208,240.757,394.794,,,3.74,5.33,8.88,D826FA2F751020AD7E59B1AEB3F5D2902755A406
萌新曲,,3b0 (Face to face - cxzman),Face to face - Daft Punk[CXZman],,65.503,0,0,,,1.42,0,0,,8BA8BC2465C017C7643ECC645263F03BCCFAFA64
萌新曲,,3b1 (Lethargy - greatyazer),Lethargy - Bastille[GreatYazer],,46.128,84.811,0,0,,0.99,1.84,0,0,BC3F366CEE6C92D32B022CF4DBF41797EA26E319
萌新曲,,3c89 (99.9 - todokete),99.9 - MOB CHOIR feat. sajou no hana[Todokete],,48.061,79.89,0,0,,1.03,1.73,0,0,15BA13D183C824F46D2FC68FF5D6BA52CED1FAD5
萌新曲,,3c8f (Majesty (ft. Veela) - ManDynasty),Majesty (ft. Veela) - Ben Moon[ManDynasty],,57.429,83.008,131.432,0,,1.24,1.8,2.86,0,E1E30AF04360132974CACBC604496FA38E2A6693
萌新曲,,3dd (While I'm Alive - stoker77),While I'm Alive - (Stoker)[STRFKR],,64.38,0,0,,,1.39,0,0,,B33B4F6DC1E9AE98E204BDC78DD26BE51A650D76
萌新曲,,41b (Dangerous Night - greatyazer),Dangerous Night - 30 Seconds to Mars[GreatYazer],,36.393,55.756,78.098,,,0.78,1.2,1.7,,85A675DA674FB13E576F2AC9B61A5ADC767B060A
萌新曲,,41f3 (Magnetism - squeaksies),Magnetism - M2U[squeaksies],36.977,53.216,86.539,160.538,298.132,0.79,1.14,1.87,3.53,6.7,75B10748149340DEA74FF1870B2A59F609ACE7F5
萌新曲,,42 (Icarus - gompasta),Icarus - [Madeon],,,72.254,,,,,1.56,,,BE1A39B41F2089CAD9AA8D775F55E8707447B5CA
萌新曲,,426 (Love Runs Out - radlejr),Love Runs Out - OneRepublic[Radle_jr],35.52,0,0,0,,0.77,0,0,0,,FD77126F3ED9900A045A3625C36E2AAD4C1F4C3E
萌新曲,,439 (Short Change Hero - georgin),Short Change Hero - the Heavy[Georgin],49.436,0,0,0,,1.07,0,0,0,,F40D605585EB597155236104E0829B4DEDDBB8C1
萌新曲,,4413 (Ring Of Fortune (TV Size) - SagittariusFam),Ring Of Fortune (TV Size) - Eri Sasaki[SagittariusFam],,,,112.711,,,,,2.45,,68744C619F4769305BF55C33AB99C013870DC96A
萌新曲,,449a (Fallen (Short Ver.) - Uninstaller),Fallen (Short Ver.) - EGOIST[Uninstaller & Saut],51.498,110.827,166.661,271.56,256.041,1.11,2.4,3.64,6.09,5.74,F369747C6B54914DEAA163AAE85816BA5A8C1845
萌新曲,,44d (Be Alright - orchan),Be Alright - Stonebank[Orchan],,,93.602,0,0,,,2.05,0,0,7837EC982B5C041E77366F8BEF8FC1BC0AAD35C8
萌新曲,,45 (Give It Up - shedd),Give It Up - [Knife Party],,59.449,0,,,,1.28,0,,,9BCFBD06C6CEAC3E4FF44093FBC33AB83587108B
萌新曲,,4502 (Monster - Saut),Monster - Reol[Saut & ManDynasty],,129.512,162.283,226.244,342.71,,2.82,3.55,5.02,7.7,283095490EB5D0AA60B8117BF90D52FBC7D8300F
萌新曲,,450b (FIRST - Saut),FIRST - AKI AKANE[Saut],,120.718,155.565,210.973,354.955,,2.62,3.41,4.66,8,3082BDB176578E683C0B5AE755A7ABAB5FF80363
萌新曲,,459 (Royals (Yinyues Remix) - awfulnaut),Royals (Yinyues Remix) - Lorde[Awfulnaut],,80.206,95.965,99.149,,,1.74,2.09,2.16,,AEE01374C29983B6E7488ED7F649C9F5D7BAD019
萌新曲,,462 (The Nights - rocket),The Nights - [Avicii],,41.932,0,0,,,0.92,0,0,,2C002D2874E029DB43F3C7CF9BB271AE0D769B74
萌新曲,,465 (POP TEAM EPIC - todokete),POP TEAM EPIC - by Sumire Uesaka[Todokete],,49.798,0,0,0,,1.09,0,0,0,65DF0198B8656EC353B9DFD560ECFF7FB852318C
萌新曲,,467a (FREEDOM DiVE - carrot090),FREEDOM DiVE - R3 Music Box[carrot],,,,35.931,,,,,0.77,,A4DB5E8CFB99B835DA0429B5586B15217C3335D7
萌新曲,,46ba (Summer Night Hiking - Uninstaller),Summer Night Hiking - YUC'e[Uninstaller],,,,108.748,188.404,,,,2.37,4.15,967D96E7DFD3EE444071E0A24DCC5FBB5B535266
萌新曲,,48c (The Greatest Show - a1lazydog),"The Greatest Show - The Greatest Showman[Hugh Jackman, Keala Settle, Zac Efron, Zendaya]",31.687,39.86,61.414,89.371,,0.69,0.87,1.36,1.99,,968386B284D9775231EE688C4C0BA7241AB4DEC0
萌新曲,,4a2a (Crying for Rain - squeaksies),Crying for Rain - Minami[squeaksies],34.038,40.911,80.154,124.385,218.123,0.73,0.88,1.73,2.73,4.83,B70AEEF2EE915CED48593422931E8BA2A1F4E973
萌新曲,,4adb (Deja Vu (Short Ver.) - redmagi),Deja Vu (Short Ver.) - Dave Rodgers[Redmagi],44.268,60.014,87.9,122.636,203.047,0.95,1.29,1.92,2.68,4.46,C9C15D3F3109A8F732B41B299CE84556BEBF73AC
萌新曲,,4b7 (Homies Unite - fefeland),Homies Unite - Stuck In Your Radio[FEFELAND],,,,86.459,,,,,1.88,,2F17E5246EA87B15FB83149DD5E59DF03BE60D18
萌新曲,,4bb (Blastix Riotz - mystikmol),"Blastix Riotz - Chart by Mystikmol[Camellia as ""Bang Riot""]",,66.129,0,0,0,,1.45,0,0,0,28D084533B3F69ACB53E611EA383C026A87154AB
萌新曲,,4c6 (Uprising - rustic),Uprising - Muse[Rustic],,,67.415,101.092,,,,1.45,2.19,,00E5671E594A6FE621C3605FCC5A0E4466BA6478
萌新曲,,4d5 (Tetris Effect Trailer - rustic),Tetris Effect Trailer - I'm yours forever[Rustic],,,45.173,49.204,,,,0.97,1.06,,851DAAB7074F65FCB2ED2AC686F6A0CFB460BA61
萌新曲,,4dd (Those Everyday Feels - bakuenjin),Those Everyday Feels - Kevin Penkin[Bakuenjin],,,,89.6,,,,,1.95,,C493DF222EA9A86AEE0FA0AB30495D1938F93144
萌新曲,,4e10 (Ether Strike - fraies),Ether Strike - Akira Complex[Various Mappers],0,0,92.48,197.943,260.682,0,0,2,4.36,5.85,E1AE03504B1E23AA44CCB194134C84B1BE21C8DA
萌新曲,,4e92 (Shera - iraky),Shera  - MYUKKE[iraky & Hoppaw],58.998,91.573,130.649,221.625,239.826,1.28,1.97,2.86,4.9,5.38,1E86B21402C5EE98F3DB246F218135B3FF61A21A
萌新曲,,4ed (BTH 2 - All I Know - mars),BTH 2 - All I Know - (Charted by M.Rappold[Matrix & Futurebound ft. Luke Bingham],,,,,130.501,,,,,2.85,16A142EEF2298A561AC9A2914680804C0022F1C5
萌新曲,,4f1 (BTH 2 - Reach VIP - mars),BTH 2 - Reach VIP - (Charted by M.Rappold)[Tantrum Desire],,,,,101.919,,,,,2.23,9FC6B409FF4566C74FB38FDB2671F10190566ACC
萌新曲,,4f3 (BTH 2 - Stars - mars),BTH 2 - Stars - (Charted by M.Rappold)[Mark Own - Matrix & Futurebound Remix],,,84.432,135.183,,,,1.83,2.95,,5E439FC5CF3FC37E6EF5D5D2A7ACF68AFDDAE93D
萌新曲,,4f4 (BTH 2 - Watching Me - mars),BTH 2 - Watching Me - (Charted by M.Rappold)[High Maintenance & Mediks ft. Georgina Upton],,,,,103.506,,,,,2.26,A8FA6782C467F04EB4F27F0644C5BD94F48E9CDB
萌新曲,,50e (Boomerang - wulkanat),Boomerang - [Smash Into Pieces],,,65.866,0,,,,1.47,0,,B18C86ACE7415D27D48162A7EAFEF40F03A1869D
萌新曲,,5130 (Saint's Beat - ejiejidayo),Saint's Beat - Zeami[ejiejidayo],,,94.733,178.445,314.477,,,2.05,3.92,7.03,0597F8F7D8E396EBFEF511DC9EC98B69635CE532
萌新曲,,514 (Color Pulse - purphoros),Color Pulse - Splatoon OST[Purphoros],,,,88.098,,,,,1.91,,0A57D66307FE777A03A1281B0A40F716B188FCAB
萌新曲,,54a (First Layer - bakuenjin),First Layer - Kevin Penkin[Bakuenjin],,,,74.224,,,,,1.61,,DF2039F7F39CB39459C984C88D713F0F1691B330
萌新曲,,551 (Friend Like Me - katiedead),Friend Like Me - Aladdin OST[Robin Williams],44.625,54.415,0,0,0,0.96,1.17,0,0,0,F8B7871978EF1D32FD559E5AACC825168E84C62E
萌新曲,,554 (Time To Say Goodbye - hudzell),Time To Say Goodbye - ft. Casey Lee Williams[Jeff Williams],,,,,182.656,,,,,4.01,60DBD91B8D38DE792614A847FFE1D8E227597EB8
萌新曲,,570 (Mr. Blue Sky - greatyazer),Mr. Blue Sky - Electric Light Orchestra[GreatYazer],,67.624,0,0,,,1.46,0,0,,236173D5BA7DC379D480B9CB5FB6B4FA5ABE77DA
萌新曲,,57c (Zzz - todokete),Zzz - by Sasaki Sayaka[Todokete],,52.219,73.466,103.135,,,1.13,1.6,2.26,,F15082586D31D238CFC33730C7D4A9BCE4594D35
萌新曲,,57c2 (Rockefeller Street (Nightcore) - RinkuSenpai),Rockefeller Street (Nightcore) - Getter Jaani[RinkuSenpai],,,139.785,200.449,,,,3.06,4.39,,B8C98FFC598703AADB4A3CB921D2830D270B57A5
萌新曲,,57e (When Can I See You Again - purphoros),When Can I See You Again - Owl City[Purphoros],,,,62.566,85.836,,,,1.35,1.86,FE387C4C7B03326139A5144ED21C4A02774B5DD9
萌新曲,,58e (History Maker - awfulnaut),History Maker - Dean Fujioka[Awfulnaut],,81.955,0,0,,,1.77,0,0,,998F9B0A3E8B85AD697E8A7AA2C8B7D1F70936CE
萌新曲,,597 (Buttonmasher - moriik),Buttonmasher - chart by Moriik[Virtual Riot],,48.821,47.513,0,,,1.06,2.05,0,,EB74B91F52762FD9010F93B4A9CC98BBDA4B91E4
萌新曲,,5a0 (Gladiator - rustic),Gladiator - Zayde Wolf[Rustic],,28.347,47.281,72.717,,,0.61,1.01,1.56,,9811E3EAEB31CB5903CCF76D49452299AD24F4A3
萌新曲,,5b0 (aLIEz - bakuenjin),aLIEz - Sawano Hiroyuki[Bakuenjin],,,,101.849,,,,,2.23,,AA0A150D83B499C8BECC3BEDA1C17AC4D9D97D40
萌新曲,,5b2e (volcanic - Souk & Hexagonial),volcanic - DETRO[Souk & Hexagonial],,162.316,228.384,352.041,0,,3.54,5.04,7.86,0,D8E8ED7E0661BAAD0C0E53F9720D557456E365DE
萌新曲,,"5b6 (No, Thank you! - squeaksies)","No, Thank you! - K-On[Ho-kago Tea Time]",,,0,104.659,0,,,0,2.3,0,B1F7C08CD0CDC4C546C8E41386F75B70CDA4C08A
萌新曲,,5c0 (Light It Up - brhkim),Light It Up - Major Lazer feat. Nyla & Fuse ODG[brhkim],,,88.387,0,,,,2.05,0,,BB84A61400AE0F83A75E7FE6D887D5B0FC3569B1
萌新曲,,5d9f (Dreamin' Tonight - Yun0),Dreamin' Tonight - Freezer (Feat. Kiichigo)[Yun0],,71.249,96.478,150.401,214.529,,1.54,2.1,3.29,4.73,3F729EE74DB0D1F3807524C99A5D81C0EF81D800
萌新曲,,5f00 (166 - Suzuya Homerarete Nobiru Type Nandesu. - Pug),166 - Suzuya Homerarete Nobiru Type Nandesu. - saradisk[Pug],,,47.912,108.753,260.566,,,1.03,2.37,5.77,839245D64719D018E40E2F11654B7C49230CA126
萌新曲,,5fc (Waiting For Love - rocket),Waiting For Love - Avicii[Rocket],48.957,70.095,0,0,,1.1,1.54,0,0,,4B7CDFCF558F66ACC4B7A506C2DD50FBD9A76354
萌新曲,,6021 (Guinea Pig Bridge - ExtraCheesy),Guinea Pig Bridge - Parry Gripp[ExtraCheesy],,,30.398,56.741,72.812,,,0.65,1.23,1.61,5F73283FCC93BA018A93C3714811E26E4F751CBB
萌新曲,,608 (Death to Disco - freeek),Death to Disco - by Freeek[Kevin MacLeod],52.504,53.601,0,77.987,,1.13,1.18,0,2.03,,5275DD35A4098B6CD9FBD45CB79A0D314A3A1D07
萌新曲,,61c (BTH 3 - Stay Awake - mars),BTH 3 - Stay Awake - (Charted by M.Rappold)[Ellie Goulding (kors k Hardcore Bootleg)],,,,102.663,,,,,2.24,,BA7C94243BF8F07799E95E09B4A4C26598C1892C
萌新曲,,620 (BTH 3 - Firestorm - mars),BTH 3 - Firestorm - (Charted by M.Rappold)[ETIA.],,,,,132.51,,,,,2.97,89BEC7DB9DF79519652BE2E63C3C40A35FD27205
萌新曲,,623 (Dirty Vibe - tigerdragonb),"Dirty Vibe - with Diplo, CL, & G-Dragon[Skrillex]",,,71.188,102.474,0,,,1.56,2.25,0,6A73AB2DB10559C3581D941CEF3DE0CC155C0394
萌新曲,,62c9 (Great Distance - Uninstaller),Great Distance - ryo (supercell)[Uninstaller],,73.222,112.503,205.639,295.686,,1.58,2.45,4.49,6.63,EA08458FFE4336A205E1CBAE539183E697845358
萌新曲,,636 (Burn - bennydabeast),Burn - Ellie Goulding[BennyDaBeast],0,,0,108.088,,0,,1.8,2.37,,9D31D3AAB3D58AB540DF63CAED06D62FF1CFEFDD
萌新曲,,640 (RIGHT ON TIME - digiracko),RIGHT ON TIME - from GF and DM[Robbie Danzie],49.919,64.062,0,0,,1.07,1.38,0,0,,5C02D26B30E413CAFE1B80CD57F8061FFFD2CEC2
萌新曲,,65 (Awe - rustic),Awe - prototyperaptor[Rustic],,37.83,65.712,112.625,,,0.81,1.42,2.47,,F16443DE4216FC5F9435F103D77A6919423EDB8A
萌新曲,,653 (Get Down - nut3z),Get Down - BJJ[Nut3z],,57.217,82.149,103.168,,,1.24,1.83,2.33,,BE2F9049C1AF90024D84E45A253BD93CCF61F1D9
萌新曲,,656 (Arcana - caeden117),Arcana - Xtrullor[Caeden117],,,46.861,,,,,1.02,,,CECC5757FD4ABEA631113C672EC5FBBF9F686457
萌新曲,,65d (Rocket League x Monstercat - Glide - drb),Rocket League x Monstercat - Glide - Stephen Walking[drb],,,89.768,0,,,,1.96,0,,E6FA1144CB626539E95AFD50243F6DF4493B5631
萌新曲,,687 (Death by Glamour - todokete),Death by Glamour - by Toby Fox[Todokete],,53.151,0,0,0,,1.16,0,0,0,7A606DD1A2BA28A9A371ABCABB68CEE8C00FB749
萌新曲,,6888 (The Glory Days - Kikis & Uninstaller),The Glory Days - Tia[Kikis & Uninstaller],,,93.777,152.144,,,,2.04,3.31,,A6CCABB105D0F2C24FE9F1DD6E4445782BC55616
萌新曲,,68bb (FREEDOM DiVE - Dack),FREEDOM DiVE - xi[Dack],,,98.688,130.748,189.649,,,2.14,2.84,4.16,F1591BF3F2D821A48BB86214C9DA47D8CFF24046
萌新曲,,699f (Yasashisa no Riyuu (TV Size) - Ab & Trolav),Yasashisa no Riyuu (TV Size) - ChouCho[Ab & Trolav],,45.358,61.113,101.065,,,0.98,1.32,2.2,,72705375D53EE75171CD96DE7E5264A3BE8A6D5A
萌新曲,,69de (Jakarta PROGRESSION - Skeelie),Jakarta PROGRESSION - KURORAK[Skeelie],,52.983,79.424,116.973,246.798,,1.14,1.72,2.54,5.45,0F1467CF627A9B8CCA54985FFE95670CC39201BE
萌新曲,,6aa (Haru yo Koi - g3no),Haru yo Koi - Yumi Matsutoya[G3No],,,,76.188,,,,,1.81,,A3B58689284AB91AF4B79E8E9A0BE8C0D35DCC51
萌新曲,,6b34 (Ai no Sukima (Short Ver.) - Hoppaw),Ai no Sukima (Short Ver.) - MIMI feat. Hatsune Miku[Hoppaw],59.282,91.207,106.663,134.668,157.429,1.28,1.98,2.32,2.97,3.5,E615A3E48405EC6B4304FF252460C33E9B5FDA9D
萌新曲,,6b5 (The Diary of Jane - mikehpoo),The Diary of Jane - [Breaking Benjamin],,,96.226,0,0,,,2.09,0,0,B7ACEF552681AB7221043B665D2EB92FDB72E7D6
萌新曲,,"6b8c (MAYDAY - Oddloop, RedMagi & AaltopahWi)","MAYDAY - TheFatRat[Oddloop, RedMagi & AaltopahWi]",36.938,54.074,70.96,99.351,239.811,0.8,1.16,1.53,2.17,5.3,58E760690FFB379864D76B06505F4056E84FBE84
萌新曲,,6c (Overtime - orangew),Overtime - OrangeW[Cash Cash],,,,77.429,,,,,1.69,,5575BBA243BFFD83201C3493951D2D50D1ADB300
萌新曲,,6f0a (Monophobia - Halcyon12),Monophobia - deadmau5[Halcyon12],,,88.446,164.297,,,,1.91,3.59,,49A92622AE19F0C317001476E8805F6234B6378C
萌新曲,,6fc (The Legend of Zelda Theme - demicross),The Legend of Zelda Theme - Zedd Remix[Demicross],,,87.245,,,,,1.83,,,E8B113C06700A9342E7EEAFD805B26F66458C23F
萌新曲,,70d7 (Chocolate Planet - Mystikmol),Chocolate Planet - Freezer ft. Kiichigo[Mystikmol],37.134,,74.192,154.483,0,0.8,,1.6,3.39,0,176E1549CC6AA8CE28517676C0894F7C16308ED5
萌新曲,,712e (Haruka Kanata - Uninstaller),Haruka Kanata - ASIAN KUNG-FU GENERATION[Uninstaller],,,85.147,172.47,214.201,,,1.84,3.78,4.74,E4920174BBEF9E571750F10E99133811D74ABF72
萌新曲,,71e5 (Moudoku ga Osou - Tootie),Moudoku ga Osou - Hifumi[Tootie],,,,,204.607,,,,,4.47,58EB1C803030D10EE71E91D4FE6C966B09AC341C
萌新曲,,722f (Small Shock - Venclaire),Small Shock - Toby Fox[Venclaire],1.499,,,,,0.03,,,,,6D24C4477B498830E78E2F9B4DBD9AB97642B3E7
萌新曲,,728 (Cotton Eyed Joe - ayewyn),Cotton Eyed Joe - Rednex[Ayewyn],50.11,64.966,0,0,,1.08,1.41,0,0,,CE42EA216F58F72DBAF0F18E99C8B1E636E8C126
萌新曲,,72f3 (sans. - Souk),sans. - Toby Fox[Souk],,,,75.513,,,,,1.65,,1B0E538ED914F54F00374AF0A876DEA67D366114
萌新曲,,732e (Distortion - altrewin),Distortion - BABYMETAL[altrewin],,147.33,201.946,321.367,372.017,,3.21,4.4,7.08,8.3,1F2453197F1537DEAD709B6DD0DCB74CAD9B6BE4
萌新曲,,73b (PSVR Announcement Song - hudzell),PSVR Announcement Song - E3 2018[Jaroslav Beck],,,,37.639,,,,,0.82,,F71A3E96D3FA3675EB16BE368EE984395AD910FB
萌新曲,,743 (EC1-Everything Goes - rustic),EC1-Everything Goes - R3SPAWN[Rustic],,,71.734,116.921,,,,1.54,2.55,,8E6FD170583FD5C0FBE86C1C811F2400D7C3D8F9
萌新曲,,744 (EC1-Haunted - rustic),EC1-Haunted - Slips & Slurs[Rustic],,,56.77,100.618,,,,1.23,2.2,,D56898547D40BAFDF348492376F68C084674F118
萌新曲,,746 (EC1-Summer - rustic),EC1-Summer - Modestep[Rustic],,,80.567,0,,,,1.75,0,,7E9057B04FE1206194ABDA12C6039BEE46A86736
萌新曲,,74a (EC1-I'm on Fire - rustic),EC1-I'm on Fire - Approaching Nirvana[Rustic],,,61.108,101.286,,,,1.32,2.2,,9EF601A1454766347491D4E1DF8C9F50ED94BAEC
萌新曲,,74d (Magika - ibangarang),Magika - [Thomas Bergersen],,,63.352,0,,,,1.39,0,,634B02591DE26875948B70BDC502F74C71C2EF35
萌新曲,,75a (Snow Halation - todokete),Snow Halation - by Muse[Todokete],,55.73,75.358,101.328,,,1.2,1.64,2.24,,AFF9AEDB62CC789EF43AFB5B69DD9310907970D6
萌新曲,,76a (Pandora - ibangarang),Pandora - [MDK],,,57.026,0,,,,1.24,0,,00CCD52A38D10E367D78402270182EBD21D43F85
萌新曲,,76c2 (It's Raining Somewhere Else - Skeelie),It's Raining Somewhere Else - Toby Fox[Skeelie],47.944,64.631,86.34,,,1.03,1.4,1.89,,,4F0EF62B9460D5D41BF235CA7ABF49A1140C9BAE
萌新曲,,76f5 (Hakke & Zage - Interz),Hakke & Zage - Gabber Piet[Interz],,,,194.009,265.85,,,,4.25,5.88,203819C121D010276D910FD2793F3DAD26ACD5DD
萌新曲,,7829 (psychology - Scrappy),psychology - Adust Rain[Scrappy],,,206.214,328.27,443.181,,,4.5,7.24,9.98,B506526ABA9AE3BC8C6DE045326D4F083607776B
萌新曲,,788 (Final Dream - saladserver),Final Dream - (feat. Omri Loved Cela)[Jay Tholen],,,99.186,,,,,2.14,,,EF5917D63EC08BEE22E45602F70FE86FFD6F7A90
萌新曲,,78ca (tinnitus - Souk & Oddloop),tinnitus - SP-#[Souk & Oddloop],0,,158.531,371.628,441.861,0,,3.43,8.3,10.37,9F783CE7F810062852795F4CBDF8335245FD044A
萌新曲,,78e (Numb - downycat),Numb - Linkin Park[DownyCat],,43.499,85.988,118.112,,,0.93,1.86,2.59,,2E6F858088C6D67E930E1BB357BD7455101B6626
萌新曲,,793 (Hyper Drive - rustic),"Hyper Drive - Jaroslav Beck, Generdyn[Rustic]",,29.875,42.456,62.783,,,0.64,0.91,1.36,,49246D2574CA91C5134D51DE8484581AB44EF07E
萌新曲,,79b6 (On My MiND - Uninstaller),On My MiND - Mrs. GREEN APPLE[Uninstaller],0,,,120.356,316.757,0,,,2.61,7.09,359B91BC4F763E330DCA3812E072944C1D34DC76
萌新曲,,7a6 (Gas Mask - rustic),Gas Mask - Generdyn[Rustic],,7.486,22.451,31.411,,,0.16,0.48,0.68,,8B53010B2F6656C5BE03C110724703763CC3CB03
萌新曲,,7b30 (Tsurupettan - Kival Evan),Tsurupettan - Silver Forest[Kival Evan],55.456,82.655,136.305,165.859,241.748,1.19,1.79,2.96,3.64,5.33,3751C4E80EA591856BE52EBCA2A9F654B0888D2A
萌新曲,,7b61 (Reach The Core - Khenab),Reach The Core - Khenab[Khenab],,,111.823,158.506,334.478,,,2.42,3.45,7.42,A621C1612B7201E67813839CE636E50D276B4816
萌新曲,,7bc4 (Bass Music - Skeelie),Bass Music - Umziky[Skeelie],,73.07,106.672,173.975,237.755,,1.58,2.32,3.82,5.27,9153539CD984F3A0D06C2ABD5A90BAEF21DA9EF3
萌新曲,,7bc7 (Nijiiro no Hana - shrado),Nijiiro no Hana - Chroma[shrado],,,57.607,,,,,1.24,,,3D7FB0986F9E748B4726F0666A03743670842764
萌新曲,,7bcb (PADORU  PADORU - simplymarvellous & TheRealZeroz),PADORU / PADORU - Turbo[simplymarvellous & TheRealZeroz],,,27.055,56.926,90.462,,,0.59,1.24,2.02,93E368A2AEB13864B03693420897B27659465CFD
萌新曲,,7c2c (Brain Specialist - Tseska & ExUnReal),Brain Specialist - The Quick Brown Fox[Tseska & ExUnReal],0,,120.882,312.804,383.773,0,,2.62,6.89,8.56,6188B01AB9C804653CF9537E7CDC54C5149A8795
萌新曲,,7c8 (BTH 4 - Come & Get It - mars),BTH 4 - Come & Get It - (Charted by M.Rappold)[Krewella],,,,,131.917,,,,,2.89,315924C64F57433C2157256662F67C2F3ECC0A57
萌新曲,,7c9 (BTH 4 - Countdown To Destination - mars),BTH 4 - Countdown To Destination - (Charted by M.Rappold)[Manuel],,,,,120.156,,,,,2.65,32D46D0837122896708C152A5E66215E496570BD
萌新曲,,7cb (BTH 4 - So Fabulous!! - mars),BTH 4 - So Fabulous!! - (Charted by M.Rappold)[Ryu* & Dai],,,,,146.599,,,,,3.22,F731E5AD48E6C938371039C9C7F84AF6AA6D9B5C
萌新曲,,7cc (BTH 4 - Elysium Plus - mars),BTH 4 - Elysium Plus - (Charted by M.Rappold[Scott Brown],,,,,145.228,,,,,3.4,60028EFC983EAB5E26243605CC113A4EF1EB97A3
萌新曲,,7cd (BTH 4 - SELFIE - mars),BTH 4 - SELFIE - (Charted by M.Rappold)[The Chainsmokers],,,,,115.516,,,,,2.53,B9C0F43ADEF34726CFAF86AEFF9196FB66786760
萌新曲,,7ced (For UltraPlayers - Mystikmol & Loloppe),For UltraPlayers - cosMo@BousouP[Mystikmol & Loloppe],,,121.105,222.662,325.596,,,2.64,4.93,7.27,F1D22EA0A91AE709E5CF7166D5AA556EF4537F01
萌新曲,,7d7 (The SlyFox and The Curious Cat - fefeland),The SlyFox and The Curious Cat - Stuck In Your Radio[FEFELAND],,,88.552,,,,,1.92,,,232961FEDF93A41616BF7767763E52C45A106D8F
萌新曲,,7e (Batshit - freeek),Batshit - Sofi Tukker[Freeek],0,31.561,0,0,,0,0.68,0,0,,2CD02101BE925DECF2C98DC3884FFCC7770ABE31
萌新曲,,7e44 (Show Me How - zilianthegreat),Show Me How - Men I Trust[zilianthegreat],,,99.068,,,,,2.13,,,9866736F2B0E55CEEEDE9F61839252D05103388B
萌新曲,,7e76 (220 - Kumano - Pug),220 - Kumano - saradisk[Pug],,,47.341,95.869,160.361,,,1.02,2.09,3.56,4BE275B24D15D93994DB0B86248D4015CD8B15ED
萌新曲,,7e8f (Quiet Water - Whiisper),Quiet Water - Toby Fox[Whiisper],3.522,,,,,0.07,,,,,4963752D07B806F9B0028D0015DC7E65BB74A1C8
萌新曲,,7f (G.O.M.D - freeek),G.O.M.D - Sickick[Freeek],18.638,0,0,0,,0.4,0,0,0,,A098FD424C66FEDF0ADE7E7B1926F1C834F36A52
萌新曲,,7f35 (New World - Kival Evan),New World - FELT[Kival Evan],54.116,91.988,141.5,225.166,320.814,1.16,1.99,3.08,5,7.14,B92ABFB912ED12CED131C9B798AE7D69800DF51B
萌新曲,,8016 (Twisted Drop Party - Depito & ExUnReal),Twisted Drop Party - t+pazolite & Getty[Depito & ExUnReal],0,73.964,176.237,254.223,360.442,0,1.59,3.84,5.6,8.1,9E6DEB75CA74B96497BC5EF0BB5B98EE5C0B7E69
萌新曲,,80a7 (Timelordz - Qwasyx),Timelordz - Renard[Qwasyx],,22.701,35.326,45.466,55.583,,0.49,0.77,0.99,1.23,3420D4808B47EB46344710F866557A55A48AE821
萌新曲,,81ab (Who's Got Your Love - Teuflum),Who's Got Your Love - Stonebank[Teuflum],,,,141.454,325.343,,,,3.12,7.26,C942D55EEA0CD73AA8F3508EF6EE4304B799C8EC
萌新曲,,81b4 (Cupid - shrado),Cupid - Jack Stauber[shrado],13.473,18.414,27.139,39.85,42.116,0.29,0.4,0.59,0.87,0.93,FCB234ACF54027FBF4678DDCD4764E3AC975A6F2
萌新曲,,833 (GHOST - freeek),GHOST - Jaden Smith (Ft Christian Rich)[Freeek],0,38.179,0,0,,0,0.99,0,0,,BA87C404AA17731570811FBCE5E1030036BAA8B2
萌新曲,,"8339 (Saufen morgens, mittags, abends - Various Mappers)","Saufen morgens, mittags, abends - Ingo ohne Flamingo[Various Mappers]",41.998,58.575,74.178,131.753,235.405,0.9,1.26,1.6,2.86,5.18,36D0DB44E6528BD956D4A473D886433510D1BE26
萌新曲,,842 (Everybody Wants To Rule The World - todokete),Everybody Wants To Rule The World - by Tears for Fears[Todokete],,0,0,0,,,1.08,1.55,1.96,,0FC89825A74B83C01F7ED763DD7C65769047695D
萌新曲,,847b (Delightful Introduction - xScaramouche),Delightful Introduction - Deathpact[xScaramouche],0.512,0.512,0.604,0.693,0.786,0.01,0.01,0.01,0.01,0.02,567859C06D0D010987875E2579E08899331F73CC
萌新曲,,849a (Sandstorm - Skyler Wallace),Sandstorm - Darude[Skyler Wallace],41.447,65.876,93.052,192.759,268.535,0.89,1.42,2.01,4.2,5.95,580EB7D1614A35D192722F748400C9896AC9527D
萌新曲,,858 (citrus - mystikmol),citrus - Chart by Mystikmol[kamome sano],35.486,60.145,,0,0,0.76,1.3,,0,0,884E2D9A82F5675DE7C3FA35199EBF24C4F15D23
萌新曲,,8593 (Dogbass - Halcyon12),Dogbass - Toby Fox[Halcyon12],0.955,1.158,1.369,1.578,1.774,0.02,0.02,0.03,0.03,0.04,38B615ABA9F6BC3F9DEF38097C5620B9391160A1
萌新曲,,860 (Wake Me Up When September Ends - downycat),Wake Me Up When September Ends - Green Day[DownyCat],,44.108,0,0,,,0.95,0,0,,D0457C1DEE4A78F5496C3B282F8B834EC45F75A8
萌新曲,,86af (Chocolate Lily - xScaramouche),Chocolate Lily - Kobaryo[xScaramouche],,,175.671,333.501,450.965,,,3.84,7.37,10.71,018ACAAD1EC1E13BD9E428A19E41C844AA05B9DA
萌新曲,,873f (Fire Blazing - Teuflum),Fire Blazing - Dropgun[Teuflum],,,90.545,148.508,336.371,,,1.96,3.25,7.47,714F0C1CDF53C41083FCD357B6E995C2F6A8FA6C
萌新曲,,877 (A New Frontier - edzo),A New Frontier - VA-11 HALL-A[Edzo],,,,131.914,,,,,2.89,,A1A5531F5A7C57D69DD694BE0497E06253AF8305
萌新曲,,881 (Hyadain no Kakata Katamoi-C - todokete),Hyadain no Kakata Katamoi-C - (Nichijou OP1) by Hyadain[Todokete],,68.03,0,143.254,149.354,,1.47,0,3.2,3.33,CA8C59E8DD196F841C3934D2BFBFA2CA43AEAD94
萌新曲,,8822 (First Storm - Uninstaller),First Storm - DECO*27[Uninstaller],0,,81.306,158.669,331.616,0,,1.75,3.45,7.37,2A54ED06EA0A194A4A897D73F414F5FFAC42EDDE
萌新曲,,"8894 (Daisuki, Evolution - Foxy Boi & Skeelie)","Daisuki, Evolution - Minazuki Airi with Atsushi[Foxy Boi & Skeelie]",,,148.955,224.763,306.416,,,3.22,4.95,6.77,092453D3707C8EBDEC45BE1023AA8AF4F4868234
萌新曲,,89b (Armada - rinkusenpai),Armada - Skies of Arcadia OST[RinkuSenpai],,65.655,,,,,1.42,,,,A79E0B6CBDF1FA11473802188C1D70EA4AC5BF0E
萌新曲,,8a1 (Qubism - moriik),Qubism - Chart by Moriik[Hate vs Brilliance],,,88.191,0,0,,,2.02,0,0,0942A4CCAA61989A330F5CAB9F3C314FDAE15609
萌新曲,,8aa2 (L'Ultima Cena - Awagi),L'Ultima Cena - Laur[Awagi],43.46,57.58,104.281,148.286,308.87,0.93,1.24,2.26,3.25,6.87,40097F7ED852D6886F6EBCFEEFE42AC2F1AF0958
萌新曲,,8ac (Lonely Departure - shadowlord723),Lonely Departure - Chroma[shadowlord723],58.78,,0,0,,1.31,,0,0,,9DAB46C9D19CB11F896C577C37AA4A99F33C057D
萌新曲,,8bc (Blood Sugar - rustic),Blood Sugar - Knife Party Remix[Rustic],,31.654,52.858,90.203,,,0.68,1.14,1.99,,40D956A3CF8AEA0FA87871791E449A8F4874176C
萌新曲,,8c0a (BLACK LABEL - Yun0),BLACK LABEL - C-Show vs. DJ Genki[Yun0],,77.314,108.038,179.385,320.08,,1.67,2.34,3.94,7.12,2D219A8890585F457ABB018DA09451B08CD98495
萌新曲,,8c1 (Liberation - awfulnaut),Liberation - Harold van Lennep[Awfulnaut],,,,,119.411,,,,,2.64,E95E6B02DA5D37AF7864637DCA17E1B0D40DBBDB
萌新曲,,8d89 (Meowchine - CyanSnow),Meowchine - Azazal & MachineDoll[CyanSnow],54.308,83.852,118.396,215.632,241.953,1.17,1.81,2.57,4.7,5.36,24A148CDF2192F7A4F10A265B70E5C0DEB6424E9
萌新曲,,8dd (Tieduprightnow - ruckus),Tieduprightnow - Parcels[Ruckus],,67.736,,0,,,1.46,,0,,BFE26DD52BCFDFA695D07F055889B7A12194855E
萌新曲,,8e59 (Killer Whales - Qwasyx),Killer Whales - Weebl's Stuff[Qwasyx],37.514,58.085,75.134,117.919,209.712,0.8,1.25,1.63,2.56,4.62,2141555123B51FBA6BB83BE2725491DBCDDEF628
萌新曲,,8eb6 (All Night - Teuflum),All Night - Stonebank[Teuflum],43.892,61.086,98.469,150.295,298.994,0.94,1.31,2.14,3.31,6.65,BE49148059822B60C9AC0E7883B5F3534225A35F
萌新曲,,8f88 (WHITEOUT - muffn & DE125 & Mystikmol),WHITEOUT - Kaneko Chiharu[muffn & DE125 & Mystikmol],,172.044,288.673,404.745,0,,3.75,6.43,9.16,0,4FDA03A18F72C76A94F14FB08CA2088E4990BCD3
萌新曲,,8fe5 (Carol of the Bells - Skeelie),Carol of the Bells - August Burns Red[Skeelie],,,121.095,221.955,362.163,,,2.64,4.86,8.09,C802AEC7EA699A24800712DCE2486791AC0880E3
萌新曲,,9 (Take On Me - jackscape),Take On Me - [a-ha],,,,70.853,,,,,1.55,,2AA1F5192828E075C30DD015B1E132BBA912EB86
萌新曲,,900 (Limbo - ayewyn),Limbo - Daddy Yankee[Ayewyn],44.112,0,0,0,,0.95,0,0,0,,2738E2374B821B6AA9839F128A70CAAE8333CB1C
萌新曲,,906e (Lonely - xScaramouche),Lonely - REZZ[xScaramouche],0,0,59.552,85.18,152.996,0,0,1.28,1.84,3.33,A09133282A30E0F74D9527DE92DA4D5F7778F68D
萌新曲,,90f (BTH 5 - Take Me High - mars),BTH 5 - Take Me High - (Charted by M.Rappold)[Omegatypez (Kutski & Gammer Remix)],,,,,89.4,,,,,2.4,D9D103EC2CBFC1D4CC229A9D118AEA286850039A
萌新曲,,910 (BTH 5 - How To Save A Life - mars),BTH 5 - How To Save A Life - (Charted by M.Rappold)[The Fray (Gammer Remix)],,,,,155.256,,,,,3.41,21932091E575643F8A2E641757CE320284A53EB0
萌新曲,,92ba (KISS OF DEATH - Scrappy),KISS OF DEATH - Mika Nakashima[Scrappy],,,,122.974,297.259,,,,2.68,6.51,ECADB8F66CEDAF7501167FB69A54E47183D39EE5
萌新曲,,948a (Kill The Beat - simplymarvellous),Kill The Beat - lapix[simplymarvellous],,,151.156,190.515,311.226,,,3.29,4.17,6.9,5183C321719C2B93FCA26AA2EF0463F2E22FE9F5
萌新曲,,94c (Swiggity - ruckus),Swiggity - IZECOLD[Ruckus],,53.714,71.291,120.463,0,,1.55,1.99,3.23,0,3B6FA2F63B901F2407C676443B0A8896213ED387
萌新曲,,"97d0 (Adieu, to this Lively Graveyard - Various Mappers)","Adieu, to this Lively Graveyard - Stack Bros.[Various Mappers]",,,95.46,,,,,2.06,,,6BAB712A09D31AB568F27C5E8C0FCB1651DA40F5
萌新曲,,9921 (4. Home Depot TV Theme Song - Burchase),4. Home Depot TV Theme Song - Rory Doggett[Burchase],,,60.762,72.587,79.661,,,1.31,1.6,1.75,3F1DACFB11BAE00B17C9F576F07EB77E3148A029
萌新曲,,995 (Energy Drink - moriik),Energy Drink - Chart By Moriik[Virtual Riot],,49.19,79.08,0,,,1.06,1.72,0,,F4A7B0335869E42FF6A2FA82D2A527B0E6BC0C73
萌新曲,,995e (VECTLEGGENDARIA - Vilawes),VECTLEGGENDARIA - Rotteen[Vilawes],,,161.904,335.549,487.347,,,3.55,7.42,11.06,1C09E823E2B9720E573EA46C53C62EDAAAD51665
萌新曲,,996f (Weapon - ExUnReal),Weapon - Grant[ExUnReal],0,,,190.534,327.142,0,,,4.18,7.25,B599483C0C01992DAD3C93BE6CF40644E54227C6
萌新曲,,9b0 (Alpha - arguyle),Alpha - [Sick Individuals Sagan],,,,87.712,,,,,1.91,,1CB91E8E0A5B04484B04C773B24E8484D0AE766D
萌新曲,,9b01 (ouroVoros - Vilawes),ouroVoros - Negentropy(Team Grimoire)[Vilawes],,,112.966,196.621,366.945,,,2.45,4.35,8.21,55A2C1D457568C55AA06B3B3FC5BE614A1FB3990
萌新曲,,9b31 (Sankaku - Skeelie),Sankaku - appy[Skeelie],,,105.237,164.478,273.067,,,2.28,3.6,6.04,84D312AB353BD305E85D7D330A5B02C3FBF059FD
萌新曲,,9bab (Sad Spring - Scrappy),Sad Spring - Draw The Emotional & Foreground Eclipse[Scrappy],52.986,64.562,130.471,226.031,348.232,1.13,1.39,2.83,4.96,7.81,83799EA6C53ACB1EF0ADF4E79DA70AD789176896
萌新曲,,9c0d (Kinman - eZconfirmed),Kinman - Kenichiro Ohishi[eZconfirmed],,,58.359,81.213,157.755,,,1.26,1.77,3.46,4F91AD60D9D30DB4393E9CB37DD0799CCF722A39
萌新曲,,9c17 (Nanamori - Depito & ExUnReal),Nanamori - Kotori[Depito & ExUnReal],0,,173.609,235.379,390.906,0,,3.78,5.19,8.69,558FD3C73D5F7E5BBBF1616760E099EBCFD75903
萌新曲,,9c9 (The Final Countdown - reborn),The Final Countdown - Europe[Reborn],,44.403,0,0,,,0.96,0,0,,5973AA025C3835D6C23E5153D688E9DB9E8F3B56
萌新曲,,9d0 (Fake Love - bennydabeast),Fake Love - BTS[BennyDaBeast],,,81.175,124.844,,,,1.78,2.76,,865989367D940D9964CC158CAC54768676176EA4
萌新曲,,9d7 (Back in Black - freeek),Back in Black - AC/DC[Freeek],23.661,52.147,79.581,0,,0.51,1.12,1.73,0,,8AF82A87167070A08EC63DBA0459C829C2954067
萌新曲,,9f1 (Yeah! - Krist0x),Yeah! - Usher[Krist0x],45.482,57.753,0,119.952,,0.98,1.25,0,2.63,,D3C406D7683B588BC53E6D74A08311D75A243596
萌新曲,,a063 (Weeble Wobble VIP - +1 Rabbit),Weeble Wobble VIP - Eliminate[+1 Rabbit],,,134.593,247.505,341.574,,,2.92,5.44,7.59,6F6566885D6FBFF5164DC8AD785A9F25DC8DA2DF
萌新曲,,a460 (Takoyaki - Vilawes),Takoyaki - Ultra Vomit[Vilawes],,,154.839,294.111,403.479,,,3.37,6.48,8.98,92BAA4CE632807E5834D084954B1D726CEF29ED4
萌新曲,,a49b (Hold Angel - Rogdude),Hold Angel - you[Rogdude],0,0,167.676,363.774,489.253,0,0,3.64,8.07,11.06,805220F74ECB8FFFD9930ABCF4AB601E90E5751E
萌新曲,,a544 (G4M3-0V3R - shrado & abcbadq),G4M3-0V3R - Kobaryo[shrado & abcbadq],,133.25,202.819,384.232,436.092,,2.9,4.46,8.68,10.32,3FFA62BD196370D7CD0AD9817EFB11D5633706D9
萌新曲,,a59 (In My Heart - mystikmol),In My Heart - Chart by Mystikmol[Tsukasa ft. Misato],0,53.461,65.699,93.162,,0,1.16,1.42,2.03,,E22094588461C49EEC3A0F4B7AABF7EA21FC8EC5
萌新曲,,a76 (HE4VEN - mystikmol),HE4VEN  - Chart by Mystikmol[kamome sano electric orchestra],0,,0,192.783,0,0,,0,4.61,0,8851ADD15E0FFA4818EE033CCC92DE6CE133DEC4
萌新曲,,a79 (Boku no Pico - squeaksies),Boku no Pico - Opening Theme[???],,,,111.842,,,,,2.45,,1DFE69E34C2F5B778FD807689249E8F1454CC79C
萌新曲,,a951 (CANDYYYLAND - Animinay),CANDYYYLAND - tofubeats[Animinay],,89.922,127.434,307.705,362.812,,1.94,2.77,6.81,8.11,1D10B6B5A6FF9007621716C04389D63458420929
萌新曲,,acf (EC2 - Still Waiting - rustic),EC2 - Still Waiting - Prototyperaptor[Rustic],,,54.967,91.5,,,,1.18,1.99,,32AE684F553E7FA90D1E5325BD54581C0AFD37FA
萌新曲,,ae (Do It Again - daedalus1134),Do It Again - [Holy Ghost],,,55.65,,,,,1.2,,,F8FAAC8D332EB77B698A9BF284140C36216A14B7
萌新曲,,b (Believer - rustic),Believer - Imagine Dragons[Rustic],,,,66.594,,,,,1.44,,19F2879D11A91B51A5C090D63471C3E8D9B7AEE3
萌新曲,,bc3 (Crack Traxxxx - mystikmol),Crack Traxxxx - Chart by Mystikmol[Lite Show Magic],38.247,52.505,130.79,,0,0.82,1.13,2.85,,0,21E16FE469294EE8E9741CB3BD1C5AC09A9B1961
萌新曲,,bdd (Ghost Rule - edzo),Ghost Rule - DECO*27 ft. Hatsune Miku[Edzo],,,,121.706,,,,,2.67,,BA3077A16C2259CF3C55E04129B4A4E91F4F9A74
萌新曲,,c1d (Good Times Roll - awfulnaut),Good Times Roll - Griz x Big Gigantic[Awfulnaut],,65.13,84.865,103.148,124.636,,1.45,1.88,2.25,2.74,F22061809C798178786CA1B6E61B10CCBCBE8D28
萌新曲,,d61 (Golden Hour - squeaksies),Golden Hour - Electric Swing Circus[squeaksies],,,,118.528,,,,,2.61,,CE72041935118A3271971239D59D6DFE5DEDDD41
萌新曲,,d95 (Everlasting Message - mystikmol),Everlasting Message - Chart by Mystikmol[Penoreri],0,0,,201.878,0,0,0,,4.65,0,2AD4E086C43A343D9DCDADBE3E7822095109B5E9
萌新曲,,dda (Let Mom Sleep - todokete),Let Mom Sleep - by Hideki Naganuma[Todokete],,76.186,87.815,0,,,1.65,1.91,0,,24F34E47BDFCAE96D1F37117F6F1F4FBE25E58E5
萌新曲,,e2 (God Damn - alix),God Damn - [Avenged Sevenfold],,,66.495,0,,,,1.44,0,,388517D0E690E081FBFAE54AC8407EF908354827
萌新曲,,e4 (Every Time We Touch - purphoros),Every Time We Touch - [Cascada],,,,98.002,,,,,2.13,,BC6C7EF1385DB4C11C59736D2B32EACF48C95BD9
萌新曲,,f3 (Mute City - katiedead),Mute City - F-Zero[Yumiko Kanki & Takuto Kitsuta],,43.3,61.962,0,,,0.94,1.35,0,,56AFB126C31A5191F2D6EB195811E80CE1899724
萌新曲,,fb (Kids - bennydabeast),Kids - MGMT[BennyDaBeast],,,78.274,104.389,,,,1.71,2.28,,35D58F383A4B13C385C37B4ED6FF6460B765C29A
没有序列号的,,Bad Apple,Bad Apple - [Alstroemeria Records ft. Nomico],0,0,0,0,,0,0,0,0,,1CA47694DE9471BA8D855AC776AFF36C4321A521
没有序列号的,,EX Junky - Happy Halloween,Happy Halloween - Junky[AaltopahWi],,,,,,,,,,,6C3EDCC799FAC9D026A0DCFC3E6289F54D431547
没有序列号的,,Happy Clover C PUNCH☆MIND☆HAPPINESS [Anne Happy Opening],PUNCH MIND HAPPINESS - Happy Clover[ETAN],0,0,0,0,0,0,0,0,0,0,3DA2F53B5D50F592CA7126A4545CB40BAC9EB29C
没有序列号的,,JAM ga Mottetta! Sailor Fuku C JAM Project,JAM ga Mottetta! Sailor Fuku - JAM Project[Redmagi],0,0,0,0,0,0,0,0,0,0,ACC4EDD0F35F2BBC76CF16C42030D4BAF0A23EE2
没有序列号的,,Made In Love SDVX,Made In Love - Chart by Mystikmol[Chroma],0,0,0,,192.958,0,0,0,,4.41,6F41DB10DB5070511552D5932419C738B17D3E41
没有序列号的,,MEGALOVANIA,MEGALOVANIA - Toby Fox[Mapped by JonahStone],,0,0,0,0,,0,0,0,0,DBB89E7A03090122B757F63AC7D83764C861F4D5
没有序列号的,,Only My Railgun,Only My Railgun - Poppin Party[Joetastic],,0,0,0,0,,0,0,0,0,4E2D5AC97E52C6AA6E43CB675BDE99BCC3C76C43
没有序列号的,,Platinum Disco C Yuka Iguchi,Platinum Disco - Yuka Iguchi[Rocket],0,0,0,0,,0,0,0,0,,A372FEE60C26B5E35861C71D9C38B4EF60974E93
没有序列号的,,The Fat Rat Unity (Full Version),Unity (Full) - The Fat Rat[Edward Kantway],,,,,,,,,,,2C493012259C268584ABDDC142BDFCDFF8ED1925
没有序列号的,,Tokimeki Poporon,Tokimeki Poporon - GochiUsa[ToastedKitten],,,,0,,,,,0,,7B15F77F1917C19CBB07694C695F15E66810E31B
没有序列号的,,We All Lift Together C Keith Power (Warframe),We All Lift Together - [Keith Power],0,0,0,,,0,0,0,,,050D447EBE73685CDB5515867DD7F065E0001FB7
没有序列号的,,Zenzenzense C Radwimps (Kimi no na wa  Your Name OST),Zenzenzense - Radwimps[Comrade],0,,0,0,,0,,0,0,,11742B15C9D32D4FA60AAD872B87E38FBD048335
打分歌,,467a (FREEDOM DiVE - carrot090),FREEDOM DiVE - R3 Music Box[carrot],,,,35.931,,,,,0.77,,A4DB5E8CFB99B835DA0429B5586B15217C3335D7
打分歌,,5190 (Cyaegha - Nuketime),Cyaegha - USAO[Nuketime],,,0,0,0,,,0,0,0,63B2B50E39CEBF75D40683BA5B527640721F47D4
打分歌,,7e87 (Revenge - Scrappy),Revenge - TryHardNinja[Scrappy],,,,,0,,,,,0,9B633327758A8D99D6213884CBF7C95BB9B3F098
打分歌,,8082 (Overdrive - DE125),Overdrive - IOSYS[DE125],,,,0,0,,,,0,0,C56551127CE265FE1719009EBA4A500543C80724
打分歌,,"85b4 (Possessed By The Blood Moon - DE125, fraies, Vilawes)","Possessed By The Blood Moon - ReeK[DE125, fraies, Vilawes]",,,0,0,0,,,0,0,0,2F03260A8F97ED1512750D7A11D3225FA2D147F8
打分歌,,873f (Fire Blazing - Teuflum),Fire Blazing - Dropgun[Teuflum],,,90.545,148.508,336.371,,,1.96,3.25,7.47,714F0C1CDF53C41083FCD357B6E995C2F6A8FA6C
打分歌,,8faa (ReEnd of a Dream - abcbadq & fraies),Re:End of a Dream - uma vs. Morimori Atsushi[abcbadq & fraies],,,,,0,,,,,0,4BDB698F2530EFB35871BD6452C2C025D1593690
打分歌,,90d7 (Elements - pkdan),Elements - Lindsey Stirling[pkdan],,,,,0,,,,,0,F824AA75D6093DDB4C456628B96CA6D8922E725E
打分歌,,927b (Made In Love - Schwank),Made In Love - Chroma[Schwank],,,,,0,,,,,0,17D16DA577E843AC9D7C1B003861C860EDEEC165
打分歌,,950e (Lotus Quest - Soba`s),Lotus Quest - Kobaryo[Soba`s],,,,,0,,,,,0,FFB4889012845D68AB91299DC7A7EC8771C5AAB5
打分歌,,992c (Space Battle - Fnyt),Space Battle - F-777[Fnyt],,,,,351.478,,,,,7.83,A3696DE1A0DAA121CC195DD409B0D35CC98900E7
打分歌,,9c0e (Pumpin' Junkies - checkthepan & Vilawes),Pumpin' Junkies - t+pazolite[checkthepan & Vilawes],,0,0,0,0,,0,0,0,0,C9437AEEC17BACE9A0C40019F6D0009C3272EA5D
打分歌,,a30c (Villain Virus - Soba`s),Villain Virus - Kobaryo[Soba`s],,,,,0,,,,,0,8BE81D51A2FE6BB62886197F29BEC299A4D6E646
不要的歌,,1084 (Conqueror - novashaft),Conqueror - AURORA[NovaShaft],,,93.293,118.961,,,,2.02,2.59,,65D94D402E22AF95E95E69F38D41B05881E96AAF
不要的歌,,10e (Highscore - squeaksies),Highscore - [Teminite & Panda Eyes],,,,0,,,,,0,,B42C4282D87B3C96A161BB13756143B4CCFC3304
不要的歌,,1368 (ParagonX9 - Infiltration - jackscape),ParagonX9 - Infiltration - [jackscape],,,,,247.835,,,,,5.46,C1679483DEEF2187F09DD5CCB4E16CADE04D7013
不要的歌,,1460 (Avalanche - Zorowo),Avalanche - Memme[Zorowo],,,,,321.059,,,,,7.12,3DEDF5840D5438920D9105315D44FD35625F5BCD
不要的歌,,15b1 (Blood Hunter - rustic),Blood Hunter - Varien[Rustic],,,,,140.199,,,,,3.07,D06A8564708C3ACEF7FB889A194614F176236E4C
不要的歌,,1763 (Black Shout - Kizuflux),Black Shout - Roselia[Kizuflux],,0,0,0,0,,0,0,0,0,718C11D8C8342CC4B46302B4C6C92302440A52FD
不要的歌,,1e80 (Der Wald (kors k Remix) - miitchel),Der Wald (kors k Remix) - Erehamonika remixed by kors k[miitchel],,,,296.44,,,,,6.59,,DEE2EF2FC976487AFCE124AE05403DB9135DB731
不要的歌,,1ffd (Senbonzakura (Short Ver.) - Kolezan),Senbonzakura (Short Ver.) - Kradness + Giga-P[Kolezan],57.709,73.182,110.985,160.289,195.836,1.24,1.59,2.42,3.52,4.33,EB28A79E2DBC80948D0EA09631E83557EA6B6735
不要的歌,,21f4 (Brain Power (SDVX Mix) - hexagonial),Brain Power (SDVX Mix) - NOMA[Hexagonial/Loloppe],,,,356.745,0,,,,8.13,0,189596BB9BF3904E8E3F2178ADD7BB77FA25E21C
不要的歌,,24e (Get Schwifty (Andromulus Remix) - enclose),Get Schwifty (Andromulus Remix) - [Maculate],0,0,0,0,,0,0,0,0,,33D5C4FFF97822EEF1F02FC53BB0561F23489EFE
不要的歌,,2cc2 (AMENOHOAKARI - ejiejidayo),AMENOHOAKARI - sakuzyo[ejiejidayo],,,0,,0,,,0,,0,5A6E7534F0512E93D1CEB5FB3914B91EBB9BEC13
不要的歌,,33fe (Hoshi ga Matataku Konna Yoru ni - Uninstaller),Hoshi ga Matataku Konna Yoru ni - supercell[Uninstaller],,,101.558,130.227,184.527,,,2.21,2.85,4.1,D52D9C4D44C2C9CCD8AA4C27F82C96432B871E79
不要的歌,,"37b (Miku Remembers 1,000 Digits of Pi - silentcaay)","Miku Remembers 1,000 Digits of Pi - ft. Hatsune Miku[Daniwell-P]",,,,0,,,,,0,,E22840F38BA27B7940267CB5B4DFBB32DAD4A0E7
不要的歌,,4375 (Nine nine eighty one - wei),Nine nine eighty one - Yuezheng Ling[WeL],0,0,0,0,0,0,0,0,0,0,6437777871E89D6210B89FBC736A1B72E4C587A2
不要的歌,,4909 (Flower Dance - ZenZodo),Flower Dance - DJ Okawari[ZenZodo],,,,0,0,,,,0,0,5B40A90A0BE576F6565DB73D4F65DEA12029BF29
不要的歌,,52ef (Goodbye - puds & loloppe),Goodbye - BLANKFIELD[puds & loloppe],,,,0,0,,,,10.45,0,731BCFCD93A8A04825ADD6C1FF8AC7BCBB991964
不要的歌,,609 (Ura-Omote Lovers - yusinosama),Ura-Omote Lovers - [wowaka(Map:YusinoSama)],,,,,0,,,,,0,55F7324E9551BF16F71A50C7EF6D8D9BA094E895
不要的歌,,60a (Song of Pi (10238 Digits Ver.) - yusinosama),Song of Pi (10238 Digits Ver.) - [daniwell (map:YusinoSama)],,,,,0,,,,,0,13EAF9587397D10A714422E2BF14EC1EAD97D035
不要的歌,,60b1 (Kero (9) Destiny - Nuketime),Kero (9) Destiny - Silver Forest[Nuketime],,,,,0,,,,,0,5E764879BDCE1ED2E8D4A0E7F1028B4DA670272D
不要的歌,,7ec (Good Time - ivivik),Good Time - Owl City[Ivivik],,,,0,,,,,0,,CE8BA5F5A163DE18C1F200629EAA2138AEB7F996
不要的歌,,83b (Otter Pop (feat. Hollis) - bennydabeast),Otter Pop (feat. Hollis) - Shawn Wasabi[BennyDaBeast],,,,,0,,,,,0,C7E15A9EAEAAE0FE9DD8E4AD62CFD849E3CC6CC7
不要的歌,,"cd6 (Primrose, the Dancer - edzo)","Primrose, the Dancer - Yasunori Nishiki[Edzo]",,,,0,,,,,0,,94601E57AAA0B89A0CDC469002C2D4EB34A9E156
不要的歌,,f43 (Let it go - DarkGrisen),Let it go - Frozen[DarkGrisen],,,,0,,,,,0,,9066AA0E96DF9A4252EC662A068DAEF150856BD4
